image_path,label
C:/Users/ngins/Git/python.initial/20250904/runs/cropped_images/01가0785_plate.jpg,01가0785
C:/Users/ngins/Git/python.initial/20250904/runs/cropped_images/01가0785_s1.jpg,01가0785
C:/Users/ngins/Git/python.initial/20250904/runs/cropped_images/01가0865_plate.jpg,01가0865
C:/Users/ngins/Git/python.initial/20250904/runs/cropped_images/01가0865_s1.jpg,01가0865
C:/Users/ngins/Git/python.initial/20250904/runs/cropped_images/01가1134-2_plate.jpg,01가1134
C:/Users/ngins/Git/python.initial/20250904/runs/cropped_images/01가1134-2_s1.jpg,01가1134
C:/Users/ngins/Git/python.initial/20250904/runs/cropped_images/01가1134-3_plate.jpg,01가1134
C:/Users/ngins/Git/python.initial/20250904/runs/cropped_images/01가1134-3_s1.jpg,01가1134
C:/Users/ngins/Git/python.initial/20250904/runs/cropped_images/01가1134-4_plate.jpg,01가1134
C:/Users/ngins/Git/python.initial/20250904/runs/cropped_images/01가1134-4_s1.jpg,01가1134
C:/Users/ngins/Git/python.initial/20250904/runs/cropped_images/01가1134-5_plate.jpg,01가1134
C:/Users/ngins/Git/python.initial/20250904/runs/cropped_images/01가1134-5_s1.jpg,01가1134
C:/Users/ngins/Git/python.initial/20250904/runs/cropped_images/01가1134_plate.jpg,01가1134
C:/Users/ngins/Git/python.initial/20250904/runs/cropped_images/01가1134_s1.jpg,01가1134
C:/Users/ngins/Git/python.initial/20250904/runs/cropped_images/01가1366-2_plate.jpg,01가1366
C:/Users/ngins/Git/python.initial/20250904/runs/cropped_images/01가1366-2_s1.jpg,01가1366
C:/Users/ngins/Git/python.initial/20250904/runs/cropped_images/01가1366_plate.jpg,01가1366
C:/Users/ngins/Git/python.initial/20250904/runs/cropped_images/01가1366_s1.jpg,01가1366
C:/Users/ngins/Git/python.initial/20250904/runs/cropped_images/01가1705_plate.jpg,01가1705
C:/Users/ngins/Git/python.initial/20250904/runs/cropped_images/01가1705_s1.jpg,01가1705
C:/Users/ngins/Git/python.initial/20250904/runs/cropped_images/01가2178-2_plate.jpg,01가2178
C:/Users/ngins/Git/python.initial/20250904/runs/cropped_images/01가2178-2_s1.jpg,01가2178
C:/Users/ngins/Git/python.initial/20250904/runs/cropped_images/01가2178-3_plate.jpg,01가2178
C:/Users/ngins/Git/python.initial/20250904/runs/cropped_images/01가2178-3_s1.jpg,01가2178
C:/Users/ngins/Git/python.initial/20250904/runs/cropped_images/01가2178-4_plate.jpg,01가2178
C:/Users/ngins/Git/python.initial/20250904/runs/cropped_images/01가2178-4_s1.jpg,01가2178
C:/Users/ngins/Git/python.initial/20250904/runs/cropped_images/01가2178-5_plate.jpg,01가2178
C:/Users/ngins/Git/python.initial/20250904/runs/cropped_images/01가2178-5_s1.jpg,01가2178
C:/Users/ngins/Git/python.initial/20250904/runs/cropped_images/01가2178-6_plate.jpg,01가2178
C:/Users/ngins/Git/python.initial/20250904/runs/cropped_images/01가2178-6_s1.jpg,01가2178
C:/Users/ngins/Git/python.initial/20250904/runs/cropped_images/01가2178-7_plate.jpg,01가2178
C:/Users/ngins/Git/python.initial/20250904/runs/cropped_images/01가2178-7_s1.jpg,01가2178
C:/Users/ngins/Git/python.initial/20250904/runs/cropped_images/01가2178-8_plate.jpg,01가2178
C:/Users/ngins/Git/python.initial/20250904/runs/cropped_images/01가2178-8_s1.jpg,01가2178
C:/Users/ngins/Git/python.initial/20250904/runs/cropped_images/01가2178_plate.jpg,01가2178
C:/Users/ngins/Git/python.initial/20250904/runs/cropped_images/01가2178_s1.jpg,01가2178
C:/Users/ngins/Git/python.initial/20250904/runs/cropped_images/01가2246_plate.jpg,01가2246
C:/Users/ngins/Git/python.initial/20250904/runs/cropped_images/01가2246_s1.jpg,01가2246
C:/Users/ngins/Git/python.initial/20250904/runs/cropped_images/01가2319-2_plate.jpg,01가2319
C:/Users/ngins/Git/python.initial/20250904/runs/cropped_images/01가2319-2_s1.jpg,01가2319
C:/Users/ngins/Git/python.initial/20250904/runs/cropped_images/01가2319_plate.jpg,01가2319
C:/Users/ngins/Git/python.initial/20250904/runs/cropped_images/01가2319_s1.jpg,01가2319
C:/Users/ngins/Git/python.initial/20250904/runs/cropped_images/01가2512_plate.jpg,01가2512
C:/Users/ngins/Git/python.initial/20250904/runs/cropped_images/01가2512_s1.jpg,01가2512
C:/Users/ngins/Git/python.initial/20250904/runs/cropped_images/01가2525_plate.jpg,01가2525
C:/Users/ngins/Git/python.initial/20250904/runs/cropped_images/01가2525_s1.jpg,01가2525
C:/Users/ngins/Git/python.initial/20250904/runs/cropped_images/01가2567_d1.jpg,01가
C:/Users/ngins/Git/python.initial/20250904/runs/cropped_images/01가2567_d2.jpg,2567
C:/Users/ngins/Git/python.initial/20250904/runs/cropped_images/01가2567_plate.jpg,01가2567
C:/Users/ngins/Git/python.initial/20250904/runs/cropped_images/01가2636_plate.jpg,01가2636
C:/Users/ngins/Git/python.initial/20250904/runs/cropped_images/01가2636_s1.jpg,01가2636
C:/Users/ngins/Git/python.initial/20250904/runs/cropped_images/01가3005_plate.jpg,01가3005
C:/Users/ngins/Git/python.initial/20250904/runs/cropped_images/01가3005_s1.jpg,01가3005
C:/Users/ngins/Git/python.initial/20250904/runs/cropped_images/01가3042_plate.jpg,01가3042
C:/Users/ngins/Git/python.initial/20250904/runs/cropped_images/01가3042_s1.jpg,01가3042
C:/Users/ngins/Git/python.initial/20250904/runs/cropped_images/01가3315_plate.jpg,01가3315
C:/Users/ngins/Git/python.initial/20250904/runs/cropped_images/01가3315_s1.jpg,01가3315
C:/Users/ngins/Git/python.initial/20250904/runs/cropped_images/01가3372-2_plate.jpg,01가3372
C:/Users/ngins/Git/python.initial/20250904/runs/cropped_images/01가3372-2_s1.jpg,01가3372
C:/Users/ngins/Git/python.initial/20250904/runs/cropped_images/01가3372-3_plate.jpg,01가3372
C:/Users/ngins/Git/python.initial/20250904/runs/cropped_images/01가3372-3_s1.jpg,01가3372
C:/Users/ngins/Git/python.initial/20250904/runs/cropped_images/01가3372_plate.jpg,01가3372
C:/Users/ngins/Git/python.initial/20250904/runs/cropped_images/01가3372_s1.jpg,01가3372
C:/Users/ngins/Git/python.initial/20250904/runs/cropped_images/01가3435_plate.jpg,01가3435
C:/Users/ngins/Git/python.initial/20250904/runs/cropped_images/01가3435_s1.jpg,01가3435
C:/Users/ngins/Git/python.initial/20250904/runs/cropped_images/01가3650_plate.jpg,01가3650
C:/Users/ngins/Git/python.initial/20250904/runs/cropped_images/01가3650_s1.jpg,01가3650
C:/Users/ngins/Git/python.initial/20250904/runs/cropped_images/01가3687_plate.jpg,01가3687
C:/Users/ngins/Git/python.initial/20250904/runs/cropped_images/01가3687_s1.jpg,01가3687
C:/Users/ngins/Git/python.initial/20250904/runs/cropped_images/01가3711_plate.jpg,01가3711
C:/Users/ngins/Git/python.initial/20250904/runs/cropped_images/01가3711_s1.jpg,01가3711
C:/Users/ngins/Git/python.initial/20250904/runs/cropped_images/01가3926_plate.jpg,01가3926
C:/Users/ngins/Git/python.initial/20250904/runs/cropped_images/01가3926_s1.jpg,01가3926
C:/Users/ngins/Git/python.initial/20250904/runs/cropped_images/01가3954_plate.jpg,01가3954
C:/Users/ngins/Git/python.initial/20250904/runs/cropped_images/01가3954_s1.jpg,01가3954
C:/Users/ngins/Git/python.initial/20250904/runs/cropped_images/01가3966-2_plate.jpg,01가3966
C:/Users/ngins/Git/python.initial/20250904/runs/cropped_images/01가3966-2_s1.jpg,01가3966
C:/Users/ngins/Git/python.initial/20250904/runs/cropped_images/01가3966_plate.jpg,01가3966
C:/Users/ngins/Git/python.initial/20250904/runs/cropped_images/01가3966_s1.jpg,01가3966
C:/Users/ngins/Git/python.initial/20250904/runs/cropped_images/01가5026-2_plate.jpg,01가5026
C:/Users/ngins/Git/python.initial/20250904/runs/cropped_images/01가5026-2_s1.jpg,01가5026
C:/Users/ngins/Git/python.initial/20250904/runs/cropped_images/01가5026-3_plate.jpg,01가5026
C:/Users/ngins/Git/python.initial/20250904/runs/cropped_images/01가5026-3_s1.jpg,01가5026
C:/Users/ngins/Git/python.initial/20250904/runs/cropped_images/01가5026_plate.jpg,01가5026
C:/Users/ngins/Git/python.initial/20250904/runs/cropped_images/01가5026_s1.jpg,01가5026
C:/Users/ngins/Git/python.initial/20250904/runs/cropped_images/01가5132_plate.jpg,01가5132
C:/Users/ngins/Git/python.initial/20250904/runs/cropped_images/01가5132_s1.jpg,01가5132
C:/Users/ngins/Git/python.initial/20250904/runs/cropped_images/01가5146_plate.jpg,01가5146
C:/Users/ngins/Git/python.initial/20250904/runs/cropped_images/01가5146_s1.jpg,01가5146
C:/Users/ngins/Git/python.initial/20250904/runs/cropped_images/01가5295-2_plate.jpg,01가5295
C:/Users/ngins/Git/python.initial/20250904/runs/cropped_images/01가5295-2_s1.jpg,01가5295
C:/Users/ngins/Git/python.initial/20250904/runs/cropped_images/01가5295_plate.jpg,01가5295
C:/Users/ngins/Git/python.initial/20250904/runs/cropped_images/01가5295_s1.jpg,01가5295
C:/Users/ngins/Git/python.initial/20250904/runs/cropped_images/01가5409_plate.jpg,01가5409
C:/Users/ngins/Git/python.initial/20250904/runs/cropped_images/01가5409_s1.jpg,01가5409
C:/Users/ngins/Git/python.initial/20250904/runs/cropped_images/01가6282_plate.jpg,01가6282
C:/Users/ngins/Git/python.initial/20250904/runs/cropped_images/01가6282_s1.jpg,01가6282
C:/Users/ngins/Git/python.initial/20250904/runs/cropped_images/01가6296-2_plate.jpg,01가6296
C:/Users/ngins/Git/python.initial/20250904/runs/cropped_images/01가6296-2_s1.jpg,01가6296
C:/Users/ngins/Git/python.initial/20250904/runs/cropped_images/01가6296-3_plate.jpg,01가6296
C:/Users/ngins/Git/python.initial/20250904/runs/cropped_images/01가6296-3_s1.jpg,01가6296
C:/Users/ngins/Git/python.initial/20250904/runs/cropped_images/01가6296_plate.jpg,01가6296
C:/Users/ngins/Git/python.initial/20250904/runs/cropped_images/01가6296_s1.jpg,01가6296
C:/Users/ngins/Git/python.initial/20250904/runs/cropped_images/01가6379_plate.jpg,01가6379
C:/Users/ngins/Git/python.initial/20250904/runs/cropped_images/01가6379_s1.jpg,01가6379
C:/Users/ngins/Git/python.initial/20250904/runs/cropped_images/01가7330-2_plate.jpg,01가7330
C:/Users/ngins/Git/python.initial/20250904/runs/cropped_images/01가7330-2_s1.jpg,01가7330
C:/Users/ngins/Git/python.initial/20250904/runs/cropped_images/01가7330_plate.jpg,01가7330
C:/Users/ngins/Git/python.initial/20250904/runs/cropped_images/01가7330_s1.jpg,01가7330
C:/Users/ngins/Git/python.initial/20250904/runs/cropped_images/01가7338_plate.jpg,01가7338
C:/Users/ngins/Git/python.initial/20250904/runs/cropped_images/01가7338_s1.jpg,01가7338
C:/Users/ngins/Git/python.initial/20250904/runs/cropped_images/01거0608-2_plate.jpg,01거0608
C:/Users/ngins/Git/python.initial/20250904/runs/cropped_images/01거0608-2_s1.jpg,01거0608
C:/Users/ngins/Git/python.initial/20250904/runs/cropped_images/01거0608-3_plate.jpg,01거0608
C:/Users/ngins/Git/python.initial/20250904/runs/cropped_images/01거0608-3_s1.jpg,01거0608
C:/Users/ngins/Git/python.initial/20250904/runs/cropped_images/01거0608-4_plate.jpg,01거0608
C:/Users/ngins/Git/python.initial/20250904/runs/cropped_images/01거0608-4_s1.jpg,01거0608
C:/Users/ngins/Git/python.initial/20250904/runs/cropped_images/01거0608-5_plate.jpg,01거0608
C:/Users/ngins/Git/python.initial/20250904/runs/cropped_images/01거0608-5_s1.jpg,01거0608
C:/Users/ngins/Git/python.initial/20250904/runs/cropped_images/01거0608-6_plate.jpg,01거0608
C:/Users/ngins/Git/python.initial/20250904/runs/cropped_images/01거0608-6_s1.jpg,01거0608
C:/Users/ngins/Git/python.initial/20250904/runs/cropped_images/01거0608-7_plate.jpg,01거0608
C:/Users/ngins/Git/python.initial/20250904/runs/cropped_images/01거0608-7_s1.jpg,01거0608
C:/Users/ngins/Git/python.initial/20250904/runs/cropped_images/01거0608_plate.jpg,01거0608
C:/Users/ngins/Git/python.initial/20250904/runs/cropped_images/01거0608_s1.jpg,01거0608
C:/Users/ngins/Git/python.initial/20250904/runs/cropped_images/01거0879_plate.jpg,01거0879
C:/Users/ngins/Git/python.initial/20250904/runs/cropped_images/01거0879_s1.jpg,01거0879
C:/Users/ngins/Git/python.initial/20250904/runs/cropped_images/01거0916-2_plate.jpg,01거0916
C:/Users/ngins/Git/python.initial/20250904/runs/cropped_images/01거0916-2_s1.jpg,01거0916
C:/Users/ngins/Git/python.initial/20250904/runs/cropped_images/01거0916_plate.jpg,01거0916
C:/Users/ngins/Git/python.initial/20250904/runs/cropped_images/01거0916_s1.jpg,01거0916
C:/Users/ngins/Git/python.initial/20250904/runs/cropped_images/01거1362_plate.jpg,01거1362
C:/Users/ngins/Git/python.initial/20250904/runs/cropped_images/01거1362_s1.jpg,01거1362
C:/Users/ngins/Git/python.initial/20250904/runs/cropped_images/01거2402_plate.jpg,01거2402
C:/Users/ngins/Git/python.initial/20250904/runs/cropped_images/01거2402_s1.jpg,01거2402
C:/Users/ngins/Git/python.initial/20250904/runs/cropped_images/01거7209_plate.jpg,01거7209
C:/Users/ngins/Git/python.initial/20250904/runs/cropped_images/01거7209_s1.jpg,01거7209
C:/Users/ngins/Git/python.initial/20250904/runs/cropped_images/01거8323_d1.jpg,01거
C:/Users/ngins/Git/python.initial/20250904/runs/cropped_images/01거8323_d2.jpg,8323
C:/Users/ngins/Git/python.initial/20250904/runs/cropped_images/01거8323_plate.jpg,01거8323
C:/Users/ngins/Git/python.initial/20250904/runs/cropped_images/01거9568_plate.jpg,01거9568
C:/Users/ngins/Git/python.initial/20250904/runs/cropped_images/01거9568_s1.jpg,01거9568
C:/Users/ngins/Git/python.initial/20250904/runs/cropped_images/01고2206_plate.jpg,01고2206
C:/Users/ngins/Git/python.initial/20250904/runs/cropped_images/01고2206_s1.jpg,01고2206
C:/Users/ngins/Git/python.initial/20250904/runs/cropped_images/01고4205-2_plate.jpg,01고4205
C:/Users/ngins/Git/python.initial/20250904/runs/cropped_images/01고4205-2_s1.jpg,01고4205
C:/Users/ngins/Git/python.initial/20250904/runs/cropped_images/01고4205_plate.jpg,01고4205
C:/Users/ngins/Git/python.initial/20250904/runs/cropped_images/01고4205_s1.jpg,01고4205
C:/Users/ngins/Git/python.initial/20250904/runs/cropped_images/01고4795_plate.jpg,01고4795
C:/Users/ngins/Git/python.initial/20250904/runs/cropped_images/01고4795_s1.jpg,01고4795
C:/Users/ngins/Git/python.initial/20250904/runs/cropped_images/01고7032_d1.jpg,01고
C:/Users/ngins/Git/python.initial/20250904/runs/cropped_images/01고7032_d2.jpg,7032
C:/Users/ngins/Git/python.initial/20250904/runs/cropped_images/01고7032_plate.jpg,01고7032
C:/Users/ngins/Git/python.initial/20250904/runs/cropped_images/01고7060_plate.jpg,01고7060
C:/Users/ngins/Git/python.initial/20250904/runs/cropped_images/01고7060_s1.jpg,01고7060
C:/Users/ngins/Git/python.initial/20250904/runs/cropped_images/01고7301_plate.jpg,01고7301
C:/Users/ngins/Git/python.initial/20250904/runs/cropped_images/01고7301_s1.jpg,01고7301
C:/Users/ngins/Git/python.initial/20250904/runs/cropped_images/01고7640-2_d1.jpg,01고
C:/Users/ngins/Git/python.initial/20250904/runs/cropped_images/01고7640-2_d2.jpg,7640
C:/Users/ngins/Git/python.initial/20250904/runs/cropped_images/01고7640-2_plate.jpg,01고7640
C:/Users/ngins/Git/python.initial/20250904/runs/cropped_images/01고7640_d1.jpg,01고
C:/Users/ngins/Git/python.initial/20250904/runs/cropped_images/01고7640_d2.jpg,7640
C:/Users/ngins/Git/python.initial/20250904/runs/cropped_images/01고7640_plate.jpg,01고7640
C:/Users/ngins/Git/python.initial/20250904/runs/cropped_images/01고8385_d1.jpg,01고
C:/Users/ngins/Git/python.initial/20250904/runs/cropped_images/01고8385_d2.jpg,8385
C:/Users/ngins/Git/python.initial/20250904/runs/cropped_images/01고8385_plate.jpg,01고8385
C:/Users/ngins/Git/python.initial/20250904/runs/cropped_images/01고8469_d1.jpg,01고
C:/Users/ngins/Git/python.initial/20250904/runs/cropped_images/01고8469_d2.jpg,8469
C:/Users/ngins/Git/python.initial/20250904/runs/cropped_images/01고8469_plate.jpg,01고8469
C:/Users/ngins/Git/python.initial/20250904/runs/cropped_images/01구1213_plate.jpg,01구1213
C:/Users/ngins/Git/python.initial/20250904/runs/cropped_images/01구1213_s1.jpg,01구1213
C:/Users/ngins/Git/python.initial/20250904/runs/cropped_images/01구2126-2_plate.jpg,01구2126
C:/Users/ngins/Git/python.initial/20250904/runs/cropped_images/01구2126-2_s1.jpg,01구2126
C:/Users/ngins/Git/python.initial/20250904/runs/cropped_images/01구2126-3_plate.jpg,01구2126
C:/Users/ngins/Git/python.initial/20250904/runs/cropped_images/01구2126-3_s1.jpg,01구2126
C:/Users/ngins/Git/python.initial/20250904/runs/cropped_images/01구2126-4_plate.jpg,01구2126
C:/Users/ngins/Git/python.initial/20250904/runs/cropped_images/01구2126-4_s1.jpg,01구2126
C:/Users/ngins/Git/python.initial/20250904/runs/cropped_images/01구2126_plate.jpg,01구2126
C:/Users/ngins/Git/python.initial/20250904/runs/cropped_images/01구2126_s1.jpg,01구2126
C:/Users/ngins/Git/python.initial/20250904/runs/cropped_images/01구2264-2_plate.jpg,01구2264
C:/Users/ngins/Git/python.initial/20250904/runs/cropped_images/01구2264-2_s1.jpg,01구2264
C:/Users/ngins/Git/python.initial/20250904/runs/cropped_images/01구2264_plate.jpg,01구2264
C:/Users/ngins/Git/python.initial/20250904/runs/cropped_images/01구2264_s1.jpg,01구2264
C:/Users/ngins/Git/python.initial/20250904/runs/cropped_images/01구5501-2_plate.jpg,01구5501
C:/Users/ngins/Git/python.initial/20250904/runs/cropped_images/01구5501-2_s1.jpg,01구5501
C:/Users/ngins/Git/python.initial/20250904/runs/cropped_images/01구5501_plate.jpg,01구5501
C:/Users/ngins/Git/python.initial/20250904/runs/cropped_images/01구5501_s1.jpg,01구5501
C:/Users/ngins/Git/python.initial/20250904/runs/cropped_images/01구5527_plate.jpg,01구5527
C:/Users/ngins/Git/python.initial/20250904/runs/cropped_images/01구5527_s1.jpg,01구5527
C:/Users/ngins/Git/python.initial/20250904/runs/cropped_images/01구5649_plate.jpg,01구5649
C:/Users/ngins/Git/python.initial/20250904/runs/cropped_images/01구5649_s1.jpg,01구5649
C:/Users/ngins/Git/python.initial/20250904/runs/cropped_images/01구6020_plate.jpg,01구6020
C:/Users/ngins/Git/python.initial/20250904/runs/cropped_images/01구6020_s1.jpg,01구6020
C:/Users/ngins/Git/python.initial/20250904/runs/cropped_images/01구6922_plate.jpg,01구6922
C:/Users/ngins/Git/python.initial/20250904/runs/cropped_images/01구6922_s1.jpg,01구6922
C:/Users/ngins/Git/python.initial/20250904/runs/cropped_images/01구7573_d1.jpg,01구
C:/Users/ngins/Git/python.initial/20250904/runs/cropped_images/01구7573_d2.jpg,7573
C:/Users/ngins/Git/python.initial/20250904/runs/cropped_images/01구7573_plate.jpg,01구7573
C:/Users/ngins/Git/python.initial/20250904/runs/cropped_images/01구7970_plate.jpg,01구7970
C:/Users/ngins/Git/python.initial/20250904/runs/cropped_images/01구7970_s1.jpg,01구7970
C:/Users/ngins/Git/python.initial/20250904/runs/cropped_images/01구8811_plate.jpg,01구8811
C:/Users/ngins/Git/python.initial/20250904/runs/cropped_images/01구8811_s1.jpg,01구8811
C:/Users/ngins/Git/python.initial/20250904/runs/cropped_images/01나0701_plate.jpg,01나0701
C:/Users/ngins/Git/python.initial/20250904/runs/cropped_images/01나0701_s1.jpg,01나0701
C:/Users/ngins/Git/python.initial/20250904/runs/cropped_images/01나4188_d1.jpg,01나
C:/Users/ngins/Git/python.initial/20250904/runs/cropped_images/01나4188_d2.jpg,4188
C:/Users/ngins/Git/python.initial/20250904/runs/cropped_images/01나4188_plate.jpg,01나4188
C:/Users/ngins/Git/python.initial/20250904/runs/cropped_images/01나4341_plate.jpg,01나4341
C:/Users/ngins/Git/python.initial/20250904/runs/cropped_images/01나4341_s1.jpg,01나4341
C:/Users/ngins/Git/python.initial/20250904/runs/cropped_images/01너1206-2_plate.jpg,01너1206
C:/Users/ngins/Git/python.initial/20250904/runs/cropped_images/01너1206-2_s1.jpg,01너1206
C:/Users/ngins/Git/python.initial/20250904/runs/cropped_images/01너1206_plate.jpg,01너1206
C:/Users/ngins/Git/python.initial/20250904/runs/cropped_images/01너1206_s1.jpg,01너1206
C:/Users/ngins/Git/python.initial/20250904/runs/cropped_images/01너2141_plate.jpg,01너2141
C:/Users/ngins/Git/python.initial/20250904/runs/cropped_images/01너2141_s1.jpg,01너2141
C:/Users/ngins/Git/python.initial/20250904/runs/cropped_images/01너3279_plate.jpg,01너3279
C:/Users/ngins/Git/python.initial/20250904/runs/cropped_images/01너3279_s1.jpg,01너3279
C:/Users/ngins/Git/python.initial/20250904/runs/cropped_images/01너3377_plate.jpg,01너3377
C:/Users/ngins/Git/python.initial/20250904/runs/cropped_images/01너3377_s1.jpg,01너3377
C:/Users/ngins/Git/python.initial/20250904/runs/cropped_images/01너4763_d1.jpg,01너
C:/Users/ngins/Git/python.initial/20250904/runs/cropped_images/01너4763_d2.jpg,4763
C:/Users/ngins/Git/python.initial/20250904/runs/cropped_images/01너4763_plate.jpg,01너4763
C:/Users/ngins/Git/python.initial/20250904/runs/cropped_images/01너9242_plate.jpg,01너9242
C:/Users/ngins/Git/python.initial/20250904/runs/cropped_images/01너9242_s1.jpg,01너9242
C:/Users/ngins/Git/python.initial/20250904/runs/cropped_images/01노0543_plate.jpg,01노0543
C:/Users/ngins/Git/python.initial/20250904/runs/cropped_images/01노0543_s1.jpg,01노0543
C:/Users/ngins/Git/python.initial/20250904/runs/cropped_images/01노6114_plate.jpg,01노6114
C:/Users/ngins/Git/python.initial/20250904/runs/cropped_images/01노6114_s1.jpg,01노6114
C:/Users/ngins/Git/python.initial/20250904/runs/cropped_images/01노6444-2_plate.jpg,01노6444
C:/Users/ngins/Git/python.initial/20250904/runs/cropped_images/01노6444-2_s1.jpg,01노6444
C:/Users/ngins/Git/python.initial/20250904/runs/cropped_images/01노6444_plate.jpg,01노6444
C:/Users/ngins/Git/python.initial/20250904/runs/cropped_images/01노6444_s1.jpg,01노6444
C:/Users/ngins/Git/python.initial/20250904/runs/cropped_images/01노6814_plate.jpg,01노6814
C:/Users/ngins/Git/python.initial/20250904/runs/cropped_images/01노6814_s1.jpg,01노6814
C:/Users/ngins/Git/python.initial/20250904/runs/cropped_images/01노8562_plate.jpg,01노8562
C:/Users/ngins/Git/python.initial/20250904/runs/cropped_images/01노8562_s1.jpg,01노8562
C:/Users/ngins/Git/python.initial/20250904/runs/cropped_images/01노8567_d1.jpg,01노
C:/Users/ngins/Git/python.initial/20250904/runs/cropped_images/01노8567_d2.jpg,8567
C:/Users/ngins/Git/python.initial/20250904/runs/cropped_images/01노8567_plate.jpg,01노8567
C:/Users/ngins/Git/python.initial/20250904/runs/cropped_images/01노9517_plate.jpg,01노9517
C:/Users/ngins/Git/python.initial/20250904/runs/cropped_images/01노9517_s1.jpg,01노9517
C:/Users/ngins/Git/python.initial/20250904/runs/cropped_images/01누0425_plate.jpg,01누0425
C:/Users/ngins/Git/python.initial/20250904/runs/cropped_images/01누0425_s1.jpg,01누0425
C:/Users/ngins/Git/python.initial/20250904/runs/cropped_images/01누3534-2_plate.jpg,01누3534
C:/Users/ngins/Git/python.initial/20250904/runs/cropped_images/01누3534-2_s1.jpg,01누3534
C:/Users/ngins/Git/python.initial/20250904/runs/cropped_images/01누3534_plate.jpg,01누3534
C:/Users/ngins/Git/python.initial/20250904/runs/cropped_images/01누3534_s1.jpg,01누3534
C:/Users/ngins/Git/python.initial/20250904/runs/cropped_images/01누5669_d1.jpg,01누
C:/Users/ngins/Git/python.initial/20250904/runs/cropped_images/01누5669_d2.jpg,5669
C:/Users/ngins/Git/python.initial/20250904/runs/cropped_images/01누5669_plate.jpg,01누5669
C:/Users/ngins/Git/python.initial/20250904/runs/cropped_images/01누5728_plate.jpg,01누5728
C:/Users/ngins/Git/python.initial/20250904/runs/cropped_images/01누5728_s1.jpg,01누5728
C:/Users/ngins/Git/python.initial/20250904/runs/cropped_images/01누6129_d1.jpg,01누
C:/Users/ngins/Git/python.initial/20250904/runs/cropped_images/01누6129_d2.jpg,6129
C:/Users/ngins/Git/python.initial/20250904/runs/cropped_images/01누6129_plate.jpg,01누6129
C:/Users/ngins/Git/python.initial/20250904/runs/cropped_images/01누9353_plate.jpg,01누9353
C:/Users/ngins/Git/python.initial/20250904/runs/cropped_images/01누9353_s1.jpg,01누9353
C:/Users/ngins/Git/python.initial/20250904/runs/cropped_images/01다1168_plate.jpg,01다1168
C:/Users/ngins/Git/python.initial/20250904/runs/cropped_images/01다1168_s1.jpg,01다1168
C:/Users/ngins/Git/python.initial/20250904/runs/cropped_images/01다2040_plate.jpg,01다2040
C:/Users/ngins/Git/python.initial/20250904/runs/cropped_images/01다2040_s1.jpg,01다2040
C:/Users/ngins/Git/python.initial/20250904/runs/cropped_images/01다2048_plate.jpg,01다2048
C:/Users/ngins/Git/python.initial/20250904/runs/cropped_images/01다2048_s1.jpg,01다2048
C:/Users/ngins/Git/python.initial/20250904/runs/cropped_images/01다2269_plate.jpg,01다2269
C:/Users/ngins/Git/python.initial/20250904/runs/cropped_images/01다2269_s1.jpg,01다2269
C:/Users/ngins/Git/python.initial/20250904/runs/cropped_images/01다7257_d1.jpg,01다
C:/Users/ngins/Git/python.initial/20250904/runs/cropped_images/01다7257_d2.jpg,7257
C:/Users/ngins/Git/python.initial/20250904/runs/cropped_images/01다7257_plate.jpg,01다7257
C:/Users/ngins/Git/python.initial/20250904/runs/cropped_images/01더3538_plate.jpg,01더3538
C:/Users/ngins/Git/python.initial/20250904/runs/cropped_images/01더3538_s1.jpg,01더3538
C:/Users/ngins/Git/python.initial/20250904/runs/cropped_images/01더3774_plate.jpg,01더3774
C:/Users/ngins/Git/python.initial/20250904/runs/cropped_images/01더3774_s1.jpg,01더3774
C:/Users/ngins/Git/python.initial/20250904/runs/cropped_images/01더5687-2_plate.jpg,01더5687
C:/Users/ngins/Git/python.initial/20250904/runs/cropped_images/01더5687-2_s1.jpg,01더5687
C:/Users/ngins/Git/python.initial/20250904/runs/cropped_images/01더5687-3_plate.jpg,01더5687
C:/Users/ngins/Git/python.initial/20250904/runs/cropped_images/01더5687-3_s1.jpg,01더5687
C:/Users/ngins/Git/python.initial/20250904/runs/cropped_images/01더5687_plate.jpg,01더5687
C:/Users/ngins/Git/python.initial/20250904/runs/cropped_images/01더5687_s1.jpg,01더5687
C:/Users/ngins/Git/python.initial/20250904/runs/cropped_images/01더6704_plate.jpg,01더6704
C:/Users/ngins/Git/python.initial/20250904/runs/cropped_images/01더6704_s1.jpg,01더6704
C:/Users/ngins/Git/python.initial/20250904/runs/cropped_images/01도3715_plate.jpg,01도3715
C:/Users/ngins/Git/python.initial/20250904/runs/cropped_images/01도3715_s1.jpg,01도3715
C:/Users/ngins/Git/python.initial/20250904/runs/cropped_images/01도3791_plate.jpg,01도3791
C:/Users/ngins/Git/python.initial/20250904/runs/cropped_images/01도3791_s1.jpg,01도3791
C:/Users/ngins/Git/python.initial/20250904/runs/cropped_images/01도3879_plate.jpg,01도3879
C:/Users/ngins/Git/python.initial/20250904/runs/cropped_images/01도3879_s1.jpg,01도3879
C:/Users/ngins/Git/python.initial/20250904/runs/cropped_images/01도4456_plate.jpg,01도4456
C:/Users/ngins/Git/python.initial/20250904/runs/cropped_images/01도4456_s1.jpg,01도4456
C:/Users/ngins/Git/python.initial/20250904/runs/cropped_images/01도6225_plate.jpg,01도6225
C:/Users/ngins/Git/python.initial/20250904/runs/cropped_images/01도6225_s1.jpg,01도6225
C:/Users/ngins/Git/python.initial/20250904/runs/cropped_images/01도8872_plate.jpg,01도8872
C:/Users/ngins/Git/python.initial/20250904/runs/cropped_images/01도8872_s1.jpg,01도8872
C:/Users/ngins/Git/python.initial/20250904/runs/cropped_images/01도9251_plate.jpg,01도9251
C:/Users/ngins/Git/python.initial/20250904/runs/cropped_images/01도9251_s1.jpg,01도9251
C:/Users/ngins/Git/python.initial/20250904/runs/cropped_images/01도9773-2_plate.jpg,01도9773
C:/Users/ngins/Git/python.initial/20250904/runs/cropped_images/01도9773-2_s1.jpg,01도9773
C:/Users/ngins/Git/python.initial/20250904/runs/cropped_images/01도9773_plate.jpg,01도9773
C:/Users/ngins/Git/python.initial/20250904/runs/cropped_images/01도9773_s1.jpg,01도9773
C:/Users/ngins/Git/python.initial/20250904/runs/cropped_images/01두1316-2_plate.jpg,01두1316
C:/Users/ngins/Git/python.initial/20250904/runs/cropped_images/01두1316-2_s1.jpg,01두1316
C:/Users/ngins/Git/python.initial/20250904/runs/cropped_images/01두1316-3_plate.jpg,01두1316
C:/Users/ngins/Git/python.initial/20250904/runs/cropped_images/01두1316-3_s1.jpg,01두1316
C:/Users/ngins/Git/python.initial/20250904/runs/cropped_images/01두1316_plate.jpg,01두1316
C:/Users/ngins/Git/python.initial/20250904/runs/cropped_images/01두1316_s1.jpg,01두1316
C:/Users/ngins/Git/python.initial/20250904/runs/cropped_images/01두1879_plate.jpg,01두1879
C:/Users/ngins/Git/python.initial/20250904/runs/cropped_images/01두1879_s1.jpg,01두1879
C:/Users/ngins/Git/python.initial/20250904/runs/cropped_images/01두4260_plate.jpg,01두4260
C:/Users/ngins/Git/python.initial/20250904/runs/cropped_images/01두4260_s1.jpg,01두4260
C:/Users/ngins/Git/python.initial/20250904/runs/cropped_images/01두4770_plate.jpg,01두4770
C:/Users/ngins/Git/python.initial/20250904/runs/cropped_images/01두4770_s1.jpg,01두4770
C:/Users/ngins/Git/python.initial/20250904/runs/cropped_images/01두4997_plate.jpg,01두4997
C:/Users/ngins/Git/python.initial/20250904/runs/cropped_images/01두4997_s1.jpg,01두4997
C:/Users/ngins/Git/python.initial/20250904/runs/cropped_images/01두5193_plate.jpg,01두5193
C:/Users/ngins/Git/python.initial/20250904/runs/cropped_images/01두5193_s1.jpg,01두5193
C:/Users/ngins/Git/python.initial/20250904/runs/cropped_images/01두5635-2_plate.jpg,01두5635
C:/Users/ngins/Git/python.initial/20250904/runs/cropped_images/01두5635-2_s1.jpg,01두5635
C:/Users/ngins/Git/python.initial/20250904/runs/cropped_images/01두5635-3_plate.jpg,01두5635
C:/Users/ngins/Git/python.initial/20250904/runs/cropped_images/01두5635-3_s1.jpg,01두5635
C:/Users/ngins/Git/python.initial/20250904/runs/cropped_images/01두5635_plate.jpg,01두5635
C:/Users/ngins/Git/python.initial/20250904/runs/cropped_images/01두5635_s1.jpg,01두5635
C:/Users/ngins/Git/python.initial/20250904/runs/cropped_images/01두5824_plate.jpg,01두5824
C:/Users/ngins/Git/python.initial/20250904/runs/cropped_images/01두5824_s1.jpg,01두5824
C:/Users/ngins/Git/python.initial/20250904/runs/cropped_images/01두9433_plate.jpg,01두9433
C:/Users/ngins/Git/python.initial/20250904/runs/cropped_images/01두9433_s1.jpg,01두9433
C:/Users/ngins/Git/python.initial/20250904/runs/cropped_images/01두9734_plate.jpg,01두9734
C:/Users/ngins/Git/python.initial/20250904/runs/cropped_images/01두9734_s1.jpg,01두9734
C:/Users/ngins/Git/python.initial/20250904/runs/cropped_images/01라0497_plate.jpg,01라0497
C:/Users/ngins/Git/python.initial/20250904/runs/cropped_images/01라0497_s1.jpg,01라0497
C:/Users/ngins/Git/python.initial/20250904/runs/cropped_images/01라3331_plate.jpg,01라3331
C:/Users/ngins/Git/python.initial/20250904/runs/cropped_images/01라3331_s1.jpg,01라3331
C:/Users/ngins/Git/python.initial/20250904/runs/cropped_images/01라7322_plate.jpg,01라7322
C:/Users/ngins/Git/python.initial/20250904/runs/cropped_images/01라7322_s1.jpg,01라7322
C:/Users/ngins/Git/python.initial/20250904/runs/cropped_images/01라8483_plate.jpg,01라8483
C:/Users/ngins/Git/python.initial/20250904/runs/cropped_images/01라8483_s1.jpg,01라8483
C:/Users/ngins/Git/python.initial/20250904/runs/cropped_images/01라8536-2_plate.jpg,01라8536
C:/Users/ngins/Git/python.initial/20250904/runs/cropped_images/01라8536-2_s1.jpg,01라8536
C:/Users/ngins/Git/python.initial/20250904/runs/cropped_images/01라8536_plate.jpg,01라8536
C:/Users/ngins/Git/python.initial/20250904/runs/cropped_images/01라8536_s1.jpg,01라8536
C:/Users/ngins/Git/python.initial/20250904/runs/cropped_images/01러2710-2_plate.jpg,01러2710
C:/Users/ngins/Git/python.initial/20250904/runs/cropped_images/01러2710-2_s1.jpg,01러2710
C:/Users/ngins/Git/python.initial/20250904/runs/cropped_images/01러2710_plate.jpg,01러2710
C:/Users/ngins/Git/python.initial/20250904/runs/cropped_images/01러2710_s1.jpg,01러2710
C:/Users/ngins/Git/python.initial/20250904/runs/cropped_images/01러6419_plate.jpg,01러6419
C:/Users/ngins/Git/python.initial/20250904/runs/cropped_images/01러6419_s1.jpg,01러6419
C:/Users/ngins/Git/python.initial/20250904/runs/cropped_images/01러8167-2_plate.jpg,01러8167
C:/Users/ngins/Git/python.initial/20250904/runs/cropped_images/01러8167-2_s1.jpg,01러8167
C:/Users/ngins/Git/python.initial/20250904/runs/cropped_images/01러8167-3_plate.jpg,01러8167
C:/Users/ngins/Git/python.initial/20250904/runs/cropped_images/01러8167-3_s1.jpg,01러8167
C:/Users/ngins/Git/python.initial/20250904/runs/cropped_images/01러8167_plate.jpg,01러8167
C:/Users/ngins/Git/python.initial/20250904/runs/cropped_images/01러8167_s1.jpg,01러8167
C:/Users/ngins/Git/python.initial/20250904/runs/cropped_images/01로1282-2_d1.jpg,01로
C:/Users/ngins/Git/python.initial/20250904/runs/cropped_images/01로1282-2_d2.jpg,1282
C:/Users/ngins/Git/python.initial/20250904/runs/cropped_images/01로1282-2_plate.jpg,01로1282
C:/Users/ngins/Git/python.initial/20250904/runs/cropped_images/01로1282-3_d1.jpg,01로
C:/Users/ngins/Git/python.initial/20250904/runs/cropped_images/01로1282-3_d2.jpg,1282
C:/Users/ngins/Git/python.initial/20250904/runs/cropped_images/01로1282-3_plate.jpg,01로1282
C:/Users/ngins/Git/python.initial/20250904/runs/cropped_images/01로1282-4_d1.jpg,01로
C:/Users/ngins/Git/python.initial/20250904/runs/cropped_images/01로1282-4_d2.jpg,1282
C:/Users/ngins/Git/python.initial/20250904/runs/cropped_images/01로1282-4_plate.jpg,01로1282
C:/Users/ngins/Git/python.initial/20250904/runs/cropped_images/01로1282-5_d1.jpg,01로
C:/Users/ngins/Git/python.initial/20250904/runs/cropped_images/01로1282-5_d2.jpg,1282
C:/Users/ngins/Git/python.initial/20250904/runs/cropped_images/01로1282-5_plate.jpg,01로1282
C:/Users/ngins/Git/python.initial/20250904/runs/cropped_images/01로1282-6_d1.jpg,01로
C:/Users/ngins/Git/python.initial/20250904/runs/cropped_images/01로1282-6_d2.jpg,1282
C:/Users/ngins/Git/python.initial/20250904/runs/cropped_images/01로1282-6_plate.jpg,01로1282
C:/Users/ngins/Git/python.initial/20250904/runs/cropped_images/01로1282_d1.jpg,01로
C:/Users/ngins/Git/python.initial/20250904/runs/cropped_images/01로1282_d2.jpg,1282
C:/Users/ngins/Git/python.initial/20250904/runs/cropped_images/01로1282_plate.jpg,01로1282
C:/Users/ngins/Git/python.initial/20250904/runs/cropped_images/01로1653_plate.jpg,01로1653
C:/Users/ngins/Git/python.initial/20250904/runs/cropped_images/01로1653_s1.jpg,01로1653
C:/Users/ngins/Git/python.initial/20250904/runs/cropped_images/01로2295_plate.jpg,01로2295
C:/Users/ngins/Git/python.initial/20250904/runs/cropped_images/01로2295_s1.jpg,01로2295
C:/Users/ngins/Git/python.initial/20250904/runs/cropped_images/01로3072-2_plate.jpg,01로3072
C:/Users/ngins/Git/python.initial/20250904/runs/cropped_images/01로3072-2_s1.jpg,01로3072
C:/Users/ngins/Git/python.initial/20250904/runs/cropped_images/01로3072_plate.jpg,01로3072
C:/Users/ngins/Git/python.initial/20250904/runs/cropped_images/01로3072_s1.jpg,01로3072
C:/Users/ngins/Git/python.initial/20250904/runs/cropped_images/01로4000_plate.jpg,01로4000
C:/Users/ngins/Git/python.initial/20250904/runs/cropped_images/01로4000_s1.jpg,01로4000
C:/Users/ngins/Git/python.initial/20250904/runs/cropped_images/01로4344_d1.jpg,01로
C:/Users/ngins/Git/python.initial/20250904/runs/cropped_images/01로4344_d2.jpg,4344
C:/Users/ngins/Git/python.initial/20250904/runs/cropped_images/01로4344_plate.jpg,01로4344
C:/Users/ngins/Git/python.initial/20250904/runs/cropped_images/01로5390_plate.jpg,01로5390
C:/Users/ngins/Git/python.initial/20250904/runs/cropped_images/01로5390_s1.jpg,01로5390
C:/Users/ngins/Git/python.initial/20250904/runs/cropped_images/01로5548-2_plate.jpg,01로5548
C:/Users/ngins/Git/python.initial/20250904/runs/cropped_images/01로5548-2_s1.jpg,01로5548
C:/Users/ngins/Git/python.initial/20250904/runs/cropped_images/01로5548_plate.jpg,01로5548
C:/Users/ngins/Git/python.initial/20250904/runs/cropped_images/01로5548_s1.jpg,01로5548
C:/Users/ngins/Git/python.initial/20250904/runs/cropped_images/01로6228_plate.jpg,01로6228
C:/Users/ngins/Git/python.initial/20250904/runs/cropped_images/01로6228_s1.jpg,01로6228
C:/Users/ngins/Git/python.initial/20250904/runs/cropped_images/01로9115_plate.jpg,01로9115
C:/Users/ngins/Git/python.initial/20250904/runs/cropped_images/01로9115_s1.jpg,01로9115
C:/Users/ngins/Git/python.initial/20250904/runs/cropped_images/01루0999-2_plate.jpg,01루0999
C:/Users/ngins/Git/python.initial/20250904/runs/cropped_images/01루0999-2_s1.jpg,01루0999
C:/Users/ngins/Git/python.initial/20250904/runs/cropped_images/01루0999_plate.jpg,01루0999
C:/Users/ngins/Git/python.initial/20250904/runs/cropped_images/01루0999_s1.jpg,01루0999
C:/Users/ngins/Git/python.initial/20250904/runs/cropped_images/01루1798_plate.jpg,01루1798
C:/Users/ngins/Git/python.initial/20250904/runs/cropped_images/01루1798_s1.jpg,01루1798
C:/Users/ngins/Git/python.initial/20250904/runs/cropped_images/01루6719_plate.jpg,01루6719
C:/Users/ngins/Git/python.initial/20250904/runs/cropped_images/01루6719_s1.jpg,01루6719
C:/Users/ngins/Git/python.initial/20250904/runs/cropped_images/01루7110-2_plate.jpg,01루7110
C:/Users/ngins/Git/python.initial/20250904/runs/cropped_images/01루7110-2_s1.jpg,01루7110
C:/Users/ngins/Git/python.initial/20250904/runs/cropped_images/01루7110-3_plate.jpg,01루7110
C:/Users/ngins/Git/python.initial/20250904/runs/cropped_images/01루7110-3_s1.jpg,01루7110
C:/Users/ngins/Git/python.initial/20250904/runs/cropped_images/01루7110-4_plate.jpg,01루7110
C:/Users/ngins/Git/python.initial/20250904/runs/cropped_images/01루7110-4_s1.jpg,01루7110
C:/Users/ngins/Git/python.initial/20250904/runs/cropped_images/01루7110-5_plate.jpg,01루7110
C:/Users/ngins/Git/python.initial/20250904/runs/cropped_images/01루7110-5_s1.jpg,01루7110
C:/Users/ngins/Git/python.initial/20250904/runs/cropped_images/01루7110-6_plate.jpg,01루7110
C:/Users/ngins/Git/python.initial/20250904/runs/cropped_images/01루7110-6_s1.jpg,01루7110
C:/Users/ngins/Git/python.initial/20250904/runs/cropped_images/01루7110_plate.jpg,01루7110
C:/Users/ngins/Git/python.initial/20250904/runs/cropped_images/01루7110_s1.jpg,01루7110
C:/Users/ngins/Git/python.initial/20250904/runs/cropped_images/01마2067_plate.jpg,01마2067
C:/Users/ngins/Git/python.initial/20250904/runs/cropped_images/01마2067_s1.jpg,01마2067
C:/Users/ngins/Git/python.initial/20250904/runs/cropped_images/01마2747_plate.jpg,01마2747
C:/Users/ngins/Git/python.initial/20250904/runs/cropped_images/01마2747_s1.jpg,01마2747
C:/Users/ngins/Git/python.initial/20250904/runs/cropped_images/01마3235-2_plate.jpg,01마3235
C:/Users/ngins/Git/python.initial/20250904/runs/cropped_images/01마3235-2_s1.jpg,01마3235
C:/Users/ngins/Git/python.initial/20250904/runs/cropped_images/01마3235_plate.jpg,01마3235
C:/Users/ngins/Git/python.initial/20250904/runs/cropped_images/01마3235_s1.jpg,01마3235
C:/Users/ngins/Git/python.initial/20250904/runs/cropped_images/01마8660_plate.jpg,01마8660
C:/Users/ngins/Git/python.initial/20250904/runs/cropped_images/01마8660_s1.jpg,01마8660
C:/Users/ngins/Git/python.initial/20250904/runs/cropped_images/01머2315_plate.jpg,01머2315
C:/Users/ngins/Git/python.initial/20250904/runs/cropped_images/01머2315_s1.jpg,01머2315
C:/Users/ngins/Git/python.initial/20250904/runs/cropped_images/01머5720_plate.jpg,01머5720
C:/Users/ngins/Git/python.initial/20250904/runs/cropped_images/01머5720_s1.jpg,01머5720
C:/Users/ngins/Git/python.initial/20250904/runs/cropped_images/01머5857_plate.jpg,01머5857
C:/Users/ngins/Git/python.initial/20250904/runs/cropped_images/01머5857_s1.jpg,01머5857
C:/Users/ngins/Git/python.initial/20250904/runs/cropped_images/01머6558_plate.jpg,01머6558
C:/Users/ngins/Git/python.initial/20250904/runs/cropped_images/01머6558_s1.jpg,01머6558
C:/Users/ngins/Git/python.initial/20250904/runs/cropped_images/01머6634-2_plate.jpg,01머6634
C:/Users/ngins/Git/python.initial/20250904/runs/cropped_images/01머6634-2_s1.jpg,01머6634
C:/Users/ngins/Git/python.initial/20250904/runs/cropped_images/01머6634_plate.jpg,01머6634
C:/Users/ngins/Git/python.initial/20250904/runs/cropped_images/01머6634_s1.jpg,01머6634
C:/Users/ngins/Git/python.initial/20250904/runs/cropped_images/01머6685_plate.jpg,01머6685
C:/Users/ngins/Git/python.initial/20250904/runs/cropped_images/01머6685_s1.jpg,01머6685
C:/Users/ngins/Git/python.initial/20250904/runs/cropped_images/01머6803-2_plate.jpg,01머6803
C:/Users/ngins/Git/python.initial/20250904/runs/cropped_images/01머6803-2_s1.jpg,01머6803
C:/Users/ngins/Git/python.initial/20250904/runs/cropped_images/01머6803-3_plate.jpg,01머6803
C:/Users/ngins/Git/python.initial/20250904/runs/cropped_images/01머6803-3_s1.jpg,01머6803
C:/Users/ngins/Git/python.initial/20250904/runs/cropped_images/01머6803-4_plate.jpg,01머6803
C:/Users/ngins/Git/python.initial/20250904/runs/cropped_images/01머6803-4_s1.jpg,01머6803
C:/Users/ngins/Git/python.initial/20250904/runs/cropped_images/01머6803_plate.jpg,01머6803
C:/Users/ngins/Git/python.initial/20250904/runs/cropped_images/01머6803_s1.jpg,01머6803
C:/Users/ngins/Git/python.initial/20250904/runs/cropped_images/01머6889_plate.jpg,01머6889
C:/Users/ngins/Git/python.initial/20250904/runs/cropped_images/01머6889_s1.jpg,01머6889
C:/Users/ngins/Git/python.initial/20250904/runs/cropped_images/01머6893_plate.jpg,01머6893
C:/Users/ngins/Git/python.initial/20250904/runs/cropped_images/01머6893_s1.jpg,01머6893
C:/Users/ngins/Git/python.initial/20250904/runs/cropped_images/01모2223_d1.jpg,01모
C:/Users/ngins/Git/python.initial/20250904/runs/cropped_images/01모2223_d2.jpg,2223
C:/Users/ngins/Git/python.initial/20250904/runs/cropped_images/01모2223_plate.jpg,01모2223
C:/Users/ngins/Git/python.initial/20250904/runs/cropped_images/01모3154_plate.jpg,01모3154
C:/Users/ngins/Git/python.initial/20250904/runs/cropped_images/01모3154_s1.jpg,01모3154
C:/Users/ngins/Git/python.initial/20250904/runs/cropped_images/01모3203_plate.jpg,01모3203
C:/Users/ngins/Git/python.initial/20250904/runs/cropped_images/01모3203_s1.jpg,01모3203
C:/Users/ngins/Git/python.initial/20250904/runs/cropped_images/01모4707-2_plate.jpg,01모4707
C:/Users/ngins/Git/python.initial/20250904/runs/cropped_images/01모4707-2_s1.jpg,01모4707
C:/Users/ngins/Git/python.initial/20250904/runs/cropped_images/01모4707-3_plate.jpg,01모4707
C:/Users/ngins/Git/python.initial/20250904/runs/cropped_images/01모4707-3_s1.jpg,01모4707
C:/Users/ngins/Git/python.initial/20250904/runs/cropped_images/01모4707_plate.jpg,01모4707
C:/Users/ngins/Git/python.initial/20250904/runs/cropped_images/01모4707_s1.jpg,01모4707
C:/Users/ngins/Git/python.initial/20250904/runs/cropped_images/01모7256_plate.jpg,01모7256
C:/Users/ngins/Git/python.initial/20250904/runs/cropped_images/01모7256_s1.jpg,01모7256
C:/Users/ngins/Git/python.initial/20250904/runs/cropped_images/01모8711-2_plate.jpg,01모8711
C:/Users/ngins/Git/python.initial/20250904/runs/cropped_images/01모8711-2_s1.jpg,01모8711
C:/Users/ngins/Git/python.initial/20250904/runs/cropped_images/01모8711_plate.jpg,01모8711
C:/Users/ngins/Git/python.initial/20250904/runs/cropped_images/01모8711_s1.jpg,01모8711
C:/Users/ngins/Git/python.initial/20250904/runs/cropped_images/01모8819_plate.jpg,01모8819
C:/Users/ngins/Git/python.initial/20250904/runs/cropped_images/01모8819_s1.jpg,01모8819
C:/Users/ngins/Git/python.initial/20250904/runs/cropped_images/01무0607_plate.jpg,01무0607
C:/Users/ngins/Git/python.initial/20250904/runs/cropped_images/01무0607_s1.jpg,01무0607
C:/Users/ngins/Git/python.initial/20250904/runs/cropped_images/01무0787_plate.jpg,01무0787
C:/Users/ngins/Git/python.initial/20250904/runs/cropped_images/01무0787_s1.jpg,01무0787
C:/Users/ngins/Git/python.initial/20250904/runs/cropped_images/01무2810_plate.jpg,01무2810
C:/Users/ngins/Git/python.initial/20250904/runs/cropped_images/01무2810_s1.jpg,01무2810
C:/Users/ngins/Git/python.initial/20250904/runs/cropped_images/01무3262_plate.jpg,01무3262
C:/Users/ngins/Git/python.initial/20250904/runs/cropped_images/01무3262_s1.jpg,01무3262
C:/Users/ngins/Git/python.initial/20250904/runs/cropped_images/01무3527_plate.jpg,01무3527
C:/Users/ngins/Git/python.initial/20250904/runs/cropped_images/01무3527_s1.jpg,01무3527
C:/Users/ngins/Git/python.initial/20250904/runs/cropped_images/01무3958-2_plate.jpg,01무3958
C:/Users/ngins/Git/python.initial/20250904/runs/cropped_images/01무3958-2_s1.jpg,01무3958
C:/Users/ngins/Git/python.initial/20250904/runs/cropped_images/01무3958_plate.jpg,01무3958
C:/Users/ngins/Git/python.initial/20250904/runs/cropped_images/01무3958_s1.jpg,01무3958
C:/Users/ngins/Git/python.initial/20250904/runs/cropped_images/01무5415_plate.jpg,01무5415
C:/Users/ngins/Git/python.initial/20250904/runs/cropped_images/01무5415_s1.jpg,01무5415
C:/Users/ngins/Git/python.initial/20250904/runs/cropped_images/01무6839_plate.jpg,01무6839
C:/Users/ngins/Git/python.initial/20250904/runs/cropped_images/01무6839_s1.jpg,01무6839
C:/Users/ngins/Git/python.initial/20250904/runs/cropped_images/01무7093_plate.jpg,01무7093
C:/Users/ngins/Git/python.initial/20250904/runs/cropped_images/01무7093_s1.jpg,01무7093
C:/Users/ngins/Git/python.initial/20250904/runs/cropped_images/01버0273_plate.jpg,01버0273
C:/Users/ngins/Git/python.initial/20250904/runs/cropped_images/01버0273_s1.jpg,01버0273
C:/Users/ngins/Git/python.initial/20250904/runs/cropped_images/01버0502_plate.jpg,01버0502
C:/Users/ngins/Git/python.initial/20250904/runs/cropped_images/01버0502_s1.jpg,01버0502
C:/Users/ngins/Git/python.initial/20250904/runs/cropped_images/01버0603_plate.jpg,01버0603
C:/Users/ngins/Git/python.initial/20250904/runs/cropped_images/01버0603_s1.jpg,01버0603
C:/Users/ngins/Git/python.initial/20250904/runs/cropped_images/01버0626-2_plate.jpg,01버0626
C:/Users/ngins/Git/python.initial/20250904/runs/cropped_images/01버0626-2_s1.jpg,01버0626
C:/Users/ngins/Git/python.initial/20250904/runs/cropped_images/01버0626-3_plate.jpg,01버0626
C:/Users/ngins/Git/python.initial/20250904/runs/cropped_images/01버0626-3_s1.jpg,01버0626
C:/Users/ngins/Git/python.initial/20250904/runs/cropped_images/01버0626-4_plate.jpg,01버0626
C:/Users/ngins/Git/python.initial/20250904/runs/cropped_images/01버0626-4_s1.jpg,01버0626
C:/Users/ngins/Git/python.initial/20250904/runs/cropped_images/01버0626-5_plate.jpg,01버0626
C:/Users/ngins/Git/python.initial/20250904/runs/cropped_images/01버0626-5_s1.jpg,01버0626
C:/Users/ngins/Git/python.initial/20250904/runs/cropped_images/01버0626_plate.jpg,01버0626
C:/Users/ngins/Git/python.initial/20250904/runs/cropped_images/01버0626_s1.jpg,01버0626
C:/Users/ngins/Git/python.initial/20250904/runs/cropped_images/01버1529_plate.jpg,01버1529
C:/Users/ngins/Git/python.initial/20250904/runs/cropped_images/01버1529_s1.jpg,01버1529
C:/Users/ngins/Git/python.initial/20250904/runs/cropped_images/01버3058_plate.jpg,01버3058
C:/Users/ngins/Git/python.initial/20250904/runs/cropped_images/01버3058_s1.jpg,01버3058
C:/Users/ngins/Git/python.initial/20250904/runs/cropped_images/01버9277_plate.jpg,01버9277
C:/Users/ngins/Git/python.initial/20250904/runs/cropped_images/01버9277_s1.jpg,01버9277
C:/Users/ngins/Git/python.initial/20250904/runs/cropped_images/01보1622_plate.jpg,01보1622
C:/Users/ngins/Git/python.initial/20250904/runs/cropped_images/01보1622_s1.jpg,01보1622
C:/Users/ngins/Git/python.initial/20250904/runs/cropped_images/01보1926-2_plate.jpg,01보1926
C:/Users/ngins/Git/python.initial/20250904/runs/cropped_images/01보1926-2_s1.jpg,01보1926
C:/Users/ngins/Git/python.initial/20250904/runs/cropped_images/01보1926-3_plate.jpg,01보1926
C:/Users/ngins/Git/python.initial/20250904/runs/cropped_images/01보1926-3_s1.jpg,01보1926
C:/Users/ngins/Git/python.initial/20250904/runs/cropped_images/01보1926-4_plate.jpg,01보1926
C:/Users/ngins/Git/python.initial/20250904/runs/cropped_images/01보1926-4_s1.jpg,01보1926
C:/Users/ngins/Git/python.initial/20250904/runs/cropped_images/01보1926_plate.jpg,01보1926
C:/Users/ngins/Git/python.initial/20250904/runs/cropped_images/01보1926_s1.jpg,01보1926
C:/Users/ngins/Git/python.initial/20250904/runs/cropped_images/01보4457_plate.jpg,01보4457
C:/Users/ngins/Git/python.initial/20250904/runs/cropped_images/01보4457_s1.jpg,01보4457
C:/Users/ngins/Git/python.initial/20250904/runs/cropped_images/01보5049_plate.jpg,01보5049
C:/Users/ngins/Git/python.initial/20250904/runs/cropped_images/01보5049_s1.jpg,01보5049
C:/Users/ngins/Git/python.initial/20250904/runs/cropped_images/01보5804-2_plate.jpg,01보5804
C:/Users/ngins/Git/python.initial/20250904/runs/cropped_images/01보5804-2_s1.jpg,01보5804
C:/Users/ngins/Git/python.initial/20250904/runs/cropped_images/01보5804-3_plate.jpg,01보5804
C:/Users/ngins/Git/python.initial/20250904/runs/cropped_images/01보5804-3_s1.jpg,01보5804
C:/Users/ngins/Git/python.initial/20250904/runs/cropped_images/01보5804-4_plate.jpg,01보5804
C:/Users/ngins/Git/python.initial/20250904/runs/cropped_images/01보5804-4_s1.jpg,01보5804
C:/Users/ngins/Git/python.initial/20250904/runs/cropped_images/01보5804_plate.jpg,01보5804
C:/Users/ngins/Git/python.initial/20250904/runs/cropped_images/01보5804_s1.jpg,01보5804
C:/Users/ngins/Git/python.initial/20250904/runs/cropped_images/01보6063_plate.jpg,01보6063
C:/Users/ngins/Git/python.initial/20250904/runs/cropped_images/01보6063_s1.jpg,01보6063
C:/Users/ngins/Git/python.initial/20250904/runs/cropped_images/01보7379_plate.jpg,01보7379
C:/Users/ngins/Git/python.initial/20250904/runs/cropped_images/01보7379_s1.jpg,01보7379
C:/Users/ngins/Git/python.initial/20250904/runs/cropped_images/01보9445-2_plate.jpg,01보9445
C:/Users/ngins/Git/python.initial/20250904/runs/cropped_images/01보9445-2_s1.jpg,01보9445
C:/Users/ngins/Git/python.initial/20250904/runs/cropped_images/01보9445_plate.jpg,01보9445
C:/Users/ngins/Git/python.initial/20250904/runs/cropped_images/01보9445_s1.jpg,01보9445
C:/Users/ngins/Git/python.initial/20250904/runs/cropped_images/01보9701_plate.jpg,01보9701
C:/Users/ngins/Git/python.initial/20250904/runs/cropped_images/01보9701_s1.jpg,01보9701
C:/Users/ngins/Git/python.initial/20250904/runs/cropped_images/01부1607-2_plate.jpg,01부1607
C:/Users/ngins/Git/python.initial/20250904/runs/cropped_images/01부1607-2_s1.jpg,01부1607
C:/Users/ngins/Git/python.initial/20250904/runs/cropped_images/01부1607_plate.jpg,01부1607
C:/Users/ngins/Git/python.initial/20250904/runs/cropped_images/01부1607_s1.jpg,01부1607
C:/Users/ngins/Git/python.initial/20250904/runs/cropped_images/01부1700-2_plate.jpg,01부1700
C:/Users/ngins/Git/python.initial/20250904/runs/cropped_images/01부1700-2_s1.jpg,01부1700
C:/Users/ngins/Git/python.initial/20250904/runs/cropped_images/01부1700_plate.jpg,01부1700
C:/Users/ngins/Git/python.initial/20250904/runs/cropped_images/01부1700_s1.jpg,01부1700
C:/Users/ngins/Git/python.initial/20250904/runs/cropped_images/01부2363_plate.jpg,01부2363
C:/Users/ngins/Git/python.initial/20250904/runs/cropped_images/01부2363_s1.jpg,01부2363
C:/Users/ngins/Git/python.initial/20250904/runs/cropped_images/01부2415-2_plate.jpg,01부2415
C:/Users/ngins/Git/python.initial/20250904/runs/cropped_images/01부2415-2_s1.jpg,01부2415
C:/Users/ngins/Git/python.initial/20250904/runs/cropped_images/01부2415-3_plate.jpg,01부2415
C:/Users/ngins/Git/python.initial/20250904/runs/cropped_images/01부2415-3_s1.jpg,01부2415
C:/Users/ngins/Git/python.initial/20250904/runs/cropped_images/01부2415-4_plate.jpg,01부2415
C:/Users/ngins/Git/python.initial/20250904/runs/cropped_images/01부2415-4_s1.jpg,01부2415
C:/Users/ngins/Git/python.initial/20250904/runs/cropped_images/01부2415_plate.jpg,01부2415
C:/Users/ngins/Git/python.initial/20250904/runs/cropped_images/01부2415_s1.jpg,01부2415
C:/Users/ngins/Git/python.initial/20250904/runs/cropped_images/01부4041-2_plate.jpg,01부4041
C:/Users/ngins/Git/python.initial/20250904/runs/cropped_images/01부4041-2_s1.jpg,01부4041
C:/Users/ngins/Git/python.initial/20250904/runs/cropped_images/01부4041_plate.jpg,01부4041
C:/Users/ngins/Git/python.initial/20250904/runs/cropped_images/01부4041_s1.jpg,01부4041
C:/Users/ngins/Git/python.initial/20250904/runs/cropped_images/01부4156-10_plate.jpg,01부4156
C:/Users/ngins/Git/python.initial/20250904/runs/cropped_images/01부4156-10_s1.jpg,01부4156
C:/Users/ngins/Git/python.initial/20250904/runs/cropped_images/01부4156-11_plate.jpg,01부4156
C:/Users/ngins/Git/python.initial/20250904/runs/cropped_images/01부4156-11_s1.jpg,01부4156
C:/Users/ngins/Git/python.initial/20250904/runs/cropped_images/01부4156-2_plate.jpg,01부4156
C:/Users/ngins/Git/python.initial/20250904/runs/cropped_images/01부4156-2_s1.jpg,01부4156
C:/Users/ngins/Git/python.initial/20250904/runs/cropped_images/01부4156-3_plate.jpg,01부4156
C:/Users/ngins/Git/python.initial/20250904/runs/cropped_images/01부4156-3_s1.jpg,01부4156
C:/Users/ngins/Git/python.initial/20250904/runs/cropped_images/01부4156-4_plate.jpg,01부4156
C:/Users/ngins/Git/python.initial/20250904/runs/cropped_images/01부4156-4_s1.jpg,01부4156
C:/Users/ngins/Git/python.initial/20250904/runs/cropped_images/01부4156-5_plate.jpg,01부4156
C:/Users/ngins/Git/python.initial/20250904/runs/cropped_images/01부4156-5_s1.jpg,01부4156
C:/Users/ngins/Git/python.initial/20250904/runs/cropped_images/01부4156-6_plate.jpg,01부4156
C:/Users/ngins/Git/python.initial/20250904/runs/cropped_images/01부4156-6_s1.jpg,01부4156
C:/Users/ngins/Git/python.initial/20250904/runs/cropped_images/01부4156-7_plate.jpg,01부4156
C:/Users/ngins/Git/python.initial/20250904/runs/cropped_images/01부4156-7_s1.jpg,01부4156
C:/Users/ngins/Git/python.initial/20250904/runs/cropped_images/01부4156-8_plate.jpg,01부4156
C:/Users/ngins/Git/python.initial/20250904/runs/cropped_images/01부4156-8_s1.jpg,01부4156
C:/Users/ngins/Git/python.initial/20250904/runs/cropped_images/01부4156-9_plate.jpg,01부4156
C:/Users/ngins/Git/python.initial/20250904/runs/cropped_images/01부4156-9_s1.jpg,01부4156
C:/Users/ngins/Git/python.initial/20250904/runs/cropped_images/01부4156_plate.jpg,01부4156
C:/Users/ngins/Git/python.initial/20250904/runs/cropped_images/01부4156_s1.jpg,01부4156
C:/Users/ngins/Git/python.initial/20250904/runs/cropped_images/01부4159-2_plate.jpg,01부4159
C:/Users/ngins/Git/python.initial/20250904/runs/cropped_images/01부4159-2_s1.jpg,01부4159
C:/Users/ngins/Git/python.initial/20250904/runs/cropped_images/01부4159_plate.jpg,01부4159
C:/Users/ngins/Git/python.initial/20250904/runs/cropped_images/01부4159_s1.jpg,01부4159
C:/Users/ngins/Git/python.initial/20250904/runs/cropped_images/01부4186_plate.jpg,01부4186
C:/Users/ngins/Git/python.initial/20250904/runs/cropped_images/01부4186_s1.jpg,01부4186
C:/Users/ngins/Git/python.initial/20250904/runs/cropped_images/01부4241_plate.jpg,01부4241
C:/Users/ngins/Git/python.initial/20250904/runs/cropped_images/01부4241_s1.jpg,01부4241
C:/Users/ngins/Git/python.initial/20250904/runs/cropped_images/01서1015_d1.jpg,01서
C:/Users/ngins/Git/python.initial/20250904/runs/cropped_images/01서1015_d2.jpg,1015
C:/Users/ngins/Git/python.initial/20250904/runs/cropped_images/01서1015_plate.jpg,01서1015
C:/Users/ngins/Git/python.initial/20250904/runs/cropped_images/01서9527_plate.jpg,01서9527
C:/Users/ngins/Git/python.initial/20250904/runs/cropped_images/01서9527_s1.jpg,01서9527
C:/Users/ngins/Git/python.initial/20250904/runs/cropped_images/01소0107_plate.jpg,01소0107
C:/Users/ngins/Git/python.initial/20250904/runs/cropped_images/01소0107_s1.jpg,01소0107
C:/Users/ngins/Git/python.initial/20250904/runs/cropped_images/01소0216_plate.jpg,01소0216
C:/Users/ngins/Git/python.initial/20250904/runs/cropped_images/01소0216_s1.jpg,01소0216
C:/Users/ngins/Git/python.initial/20250904/runs/cropped_images/01소1532_plate.jpg,01소1532
C:/Users/ngins/Git/python.initial/20250904/runs/cropped_images/01소1532_s1.jpg,01소1532
C:/Users/ngins/Git/python.initial/20250904/runs/cropped_images/01소5111_plate.jpg,01소5111
C:/Users/ngins/Git/python.initial/20250904/runs/cropped_images/01소5111_s1.jpg,01소5111
C:/Users/ngins/Git/python.initial/20250904/runs/cropped_images/01소6665-2_d1.jpg,01소
C:/Users/ngins/Git/python.initial/20250904/runs/cropped_images/01소6665-2_d2.jpg,6665
C:/Users/ngins/Git/python.initial/20250904/runs/cropped_images/01소6665-2_plate.jpg,01소6665
C:/Users/ngins/Git/python.initial/20250904/runs/cropped_images/01소6665-3_d1.jpg,01소
C:/Users/ngins/Git/python.initial/20250904/runs/cropped_images/01소6665-3_d2.jpg,6665
C:/Users/ngins/Git/python.initial/20250904/runs/cropped_images/01소6665-3_plate.jpg,01소6665
C:/Users/ngins/Git/python.initial/20250904/runs/cropped_images/01소6665_d1.jpg,01소
C:/Users/ngins/Git/python.initial/20250904/runs/cropped_images/01소6665_d2.jpg,6665
C:/Users/ngins/Git/python.initial/20250904/runs/cropped_images/01소6665_plate.jpg,01소6665
C:/Users/ngins/Git/python.initial/20250904/runs/cropped_images/01소8357_plate.jpg,01소8357
C:/Users/ngins/Git/python.initial/20250904/runs/cropped_images/01소8357_s1.jpg,01소8357
C:/Users/ngins/Git/python.initial/20250904/runs/cropped_images/01수2278_plate.jpg,01수2278
C:/Users/ngins/Git/python.initial/20250904/runs/cropped_images/01수2278_s1.jpg,01수2278
C:/Users/ngins/Git/python.initial/20250904/runs/cropped_images/01수3201_plate.jpg,01수3201
C:/Users/ngins/Git/python.initial/20250904/runs/cropped_images/01수3201_s1.jpg,01수3201
C:/Users/ngins/Git/python.initial/20250904/runs/cropped_images/01수4919_plate.jpg,01수4919
C:/Users/ngins/Git/python.initial/20250904/runs/cropped_images/01수4919_s1.jpg,01수4919
C:/Users/ngins/Git/python.initial/20250904/runs/cropped_images/01수5865_plate.jpg,01수5865
C:/Users/ngins/Git/python.initial/20250904/runs/cropped_images/01수5865_s1.jpg,01수5865
C:/Users/ngins/Git/python.initial/20250904/runs/cropped_images/01수6070_plate.jpg,01수6070
C:/Users/ngins/Git/python.initial/20250904/runs/cropped_images/01수6070_s1.jpg,01수6070
C:/Users/ngins/Git/python.initial/20250904/runs/cropped_images/01수6351_plate.jpg,01수6351
C:/Users/ngins/Git/python.initial/20250904/runs/cropped_images/01수6351_s1.jpg,01수6351
C:/Users/ngins/Git/python.initial/20250904/runs/cropped_images/01수7003_plate.jpg,01수7003
C:/Users/ngins/Git/python.initial/20250904/runs/cropped_images/01수7003_s1.jpg,01수7003
C:/Users/ngins/Git/python.initial/20250904/runs/cropped_images/01수7052-2_plate.jpg,01수7052
C:/Users/ngins/Git/python.initial/20250904/runs/cropped_images/01수7052-2_s1.jpg,01수7052
C:/Users/ngins/Git/python.initial/20250904/runs/cropped_images/01수7052_plate.jpg,01수7052
C:/Users/ngins/Git/python.initial/20250904/runs/cropped_images/01수7052_s1.jpg,01수7052
C:/Users/ngins/Git/python.initial/20250904/runs/cropped_images/01수7085-2_plate.jpg,01수7085
C:/Users/ngins/Git/python.initial/20250904/runs/cropped_images/01수7085-2_s1.jpg,01수7085
C:/Users/ngins/Git/python.initial/20250904/runs/cropped_images/01수7085_plate.jpg,01수7085
C:/Users/ngins/Git/python.initial/20250904/runs/cropped_images/01수7085_s1.jpg,01수7085
C:/Users/ngins/Git/python.initial/20250904/runs/cropped_images/01수7127_plate.jpg,01수7127
C:/Users/ngins/Git/python.initial/20250904/runs/cropped_images/01수7127_s1.jpg,01수7127
C:/Users/ngins/Git/python.initial/20250904/runs/cropped_images/01수9853-2_plate.jpg,01수9853
C:/Users/ngins/Git/python.initial/20250904/runs/cropped_images/01수9853-2_s1.jpg,01수9853
C:/Users/ngins/Git/python.initial/20250904/runs/cropped_images/01수9853-3_plate.jpg,01수9853
C:/Users/ngins/Git/python.initial/20250904/runs/cropped_images/01수9853-3_s1.jpg,01수9853
C:/Users/ngins/Git/python.initial/20250904/runs/cropped_images/01수9853-4_plate.jpg,01수9853
C:/Users/ngins/Git/python.initial/20250904/runs/cropped_images/01수9853-4_s1.jpg,01수9853
C:/Users/ngins/Git/python.initial/20250904/runs/cropped_images/01수9853_plate.jpg,01수9853
C:/Users/ngins/Git/python.initial/20250904/runs/cropped_images/01수9853_s1.jpg,01수9853
C:/Users/ngins/Git/python.initial/20250904/runs/cropped_images/01어2596_plate.jpg,01어2596
C:/Users/ngins/Git/python.initial/20250904/runs/cropped_images/01어2596_s1.jpg,01어2596
C:/Users/ngins/Git/python.initial/20250904/runs/cropped_images/01어2745_plate.jpg,01어2745
C:/Users/ngins/Git/python.initial/20250904/runs/cropped_images/01어2745_s1.jpg,01어2745
C:/Users/ngins/Git/python.initial/20250904/runs/cropped_images/01어2905_plate.jpg,01어2905
C:/Users/ngins/Git/python.initial/20250904/runs/cropped_images/01어2905_s1.jpg,01어2905
C:/Users/ngins/Git/python.initial/20250904/runs/cropped_images/01어2953_plate.jpg,01어2953
C:/Users/ngins/Git/python.initial/20250904/runs/cropped_images/01어2953_s1.jpg,01어2953
C:/Users/ngins/Git/python.initial/20250904/runs/cropped_images/01어2996_plate.jpg,01어2996
C:/Users/ngins/Git/python.initial/20250904/runs/cropped_images/01어2996_s1.jpg,01어2996
C:/Users/ngins/Git/python.initial/20250904/runs/cropped_images/01어7865-2_plate.jpg,01어7865
C:/Users/ngins/Git/python.initial/20250904/runs/cropped_images/01어7865-2_s1.jpg,01어7865
C:/Users/ngins/Git/python.initial/20250904/runs/cropped_images/01어7865_plate.jpg,01어7865
C:/Users/ngins/Git/python.initial/20250904/runs/cropped_images/01어7865_s1.jpg,01어7865
C:/Users/ngins/Git/python.initial/20250904/runs/cropped_images/01어8402_plate.jpg,01어8402
C:/Users/ngins/Git/python.initial/20250904/runs/cropped_images/01어8402_s1.jpg,01어8402
C:/Users/ngins/Git/python.initial/20250904/runs/cropped_images/01어8471_plate.jpg,01어8471
C:/Users/ngins/Git/python.initial/20250904/runs/cropped_images/01어8471_s1.jpg,01어8471
C:/Users/ngins/Git/python.initial/20250904/runs/cropped_images/01오0921_plate.jpg,01오0921
C:/Users/ngins/Git/python.initial/20250904/runs/cropped_images/01오0921_s1.jpg,01오0921
C:/Users/ngins/Git/python.initial/20250904/runs/cropped_images/01오1514_plate.jpg,01오1514
C:/Users/ngins/Git/python.initial/20250904/runs/cropped_images/01오1514_s1.jpg,01오1514
C:/Users/ngins/Git/python.initial/20250904/runs/cropped_images/01오5037_plate.jpg,01오5037
C:/Users/ngins/Git/python.initial/20250904/runs/cropped_images/01오5037_s1.jpg,01오5037
C:/Users/ngins/Git/python.initial/20250904/runs/cropped_images/01오5853-2_plate.jpg,01오5853
C:/Users/ngins/Git/python.initial/20250904/runs/cropped_images/01오5853-2_s1.jpg,01오5853
C:/Users/ngins/Git/python.initial/20250904/runs/cropped_images/01오5853-3_plate.jpg,01오5853
C:/Users/ngins/Git/python.initial/20250904/runs/cropped_images/01오5853-3_s1.jpg,01오5853
C:/Users/ngins/Git/python.initial/20250904/runs/cropped_images/01오5853-4_plate.jpg,01오5853
C:/Users/ngins/Git/python.initial/20250904/runs/cropped_images/01오5853-4_s1.jpg,01오5853
C:/Users/ngins/Git/python.initial/20250904/runs/cropped_images/01오5853-5_plate.jpg,01오5853
C:/Users/ngins/Git/python.initial/20250904/runs/cropped_images/01오5853-5_s1.jpg,01오5853
C:/Users/ngins/Git/python.initial/20250904/runs/cropped_images/01오5853-6_plate.jpg,01오5853
C:/Users/ngins/Git/python.initial/20250904/runs/cropped_images/01오5853-6_s1.jpg,01오5853
C:/Users/ngins/Git/python.initial/20250904/runs/cropped_images/01오5853-7_plate.jpg,01오5853
C:/Users/ngins/Git/python.initial/20250904/runs/cropped_images/01오5853-7_s1.jpg,01오5853
C:/Users/ngins/Git/python.initial/20250904/runs/cropped_images/01오5853_plate.jpg,01오5853
C:/Users/ngins/Git/python.initial/20250904/runs/cropped_images/01오5853_s1.jpg,01오5853
C:/Users/ngins/Git/python.initial/20250904/runs/cropped_images/01오6894_plate.jpg,01오6894
C:/Users/ngins/Git/python.initial/20250904/runs/cropped_images/01오6894_s1.jpg,01오6894
C:/Users/ngins/Git/python.initial/20250904/runs/cropped_images/01오8813-2_plate.jpg,01오8813
C:/Users/ngins/Git/python.initial/20250904/runs/cropped_images/01오8813-2_s1.jpg,01오8813
C:/Users/ngins/Git/python.initial/20250904/runs/cropped_images/01오8813_plate.jpg,01오8813
C:/Users/ngins/Git/python.initial/20250904/runs/cropped_images/01오8813_s1.jpg,01오8813
C:/Users/ngins/Git/python.initial/20250904/runs/cropped_images/01우0458_plate.jpg,01우0458
C:/Users/ngins/Git/python.initial/20250904/runs/cropped_images/01우0458_s1.jpg,01우0458
C:/Users/ngins/Git/python.initial/20250904/runs/cropped_images/01우0877_plate.jpg,01우0877
C:/Users/ngins/Git/python.initial/20250904/runs/cropped_images/01우0877_s1.jpg,01우0877
C:/Users/ngins/Git/python.initial/20250904/runs/cropped_images/01우1420_plate.jpg,01우1420
C:/Users/ngins/Git/python.initial/20250904/runs/cropped_images/01우1420_s1.jpg,01우1420
C:/Users/ngins/Git/python.initial/20250904/runs/cropped_images/01우3809_plate.jpg,01우3809
C:/Users/ngins/Git/python.initial/20250904/runs/cropped_images/01우3809_s1.jpg,01우3809
C:/Users/ngins/Git/python.initial/20250904/runs/cropped_images/01우6349_plate.jpg,01우6349
C:/Users/ngins/Git/python.initial/20250904/runs/cropped_images/01우6349_s1.jpg,01우6349
C:/Users/ngins/Git/python.initial/20250904/runs/cropped_images/01우6915_plate.jpg,01우6915
C:/Users/ngins/Git/python.initial/20250904/runs/cropped_images/01우6915_s1.jpg,01우6915
C:/Users/ngins/Git/python.initial/20250904/runs/cropped_images/01우8360_plate.jpg,01우8360
C:/Users/ngins/Git/python.initial/20250904/runs/cropped_images/01우8360_s1.jpg,01우8360
C:/Users/ngins/Git/python.initial/20250904/runs/cropped_images/01우8799_plate.jpg,01우8799
C:/Users/ngins/Git/python.initial/20250904/runs/cropped_images/01우8799_s1.jpg,01우8799
C:/Users/ngins/Git/python.initial/20250904/runs/cropped_images/01우9375-2_plate.jpg,01우9375
C:/Users/ngins/Git/python.initial/20250904/runs/cropped_images/01우9375-2_s1.jpg,01우9375
C:/Users/ngins/Git/python.initial/20250904/runs/cropped_images/01우9375_plate.jpg,01우9375
C:/Users/ngins/Git/python.initial/20250904/runs/cropped_images/01우9375_s1.jpg,01우9375
C:/Users/ngins/Git/python.initial/20250904/runs/cropped_images/01우9493-2_plate.jpg,01우9493
C:/Users/ngins/Git/python.initial/20250904/runs/cropped_images/01우9493-2_s1.jpg,01우9493
C:/Users/ngins/Git/python.initial/20250904/runs/cropped_images/01우9493_plate.jpg,01우9493
C:/Users/ngins/Git/python.initial/20250904/runs/cropped_images/01우9493_s1.jpg,01우9493
C:/Users/ngins/Git/python.initial/20250904/runs/cropped_images/01저0237-2_plate.jpg,01저0237
C:/Users/ngins/Git/python.initial/20250904/runs/cropped_images/01저0237-2_s1.jpg,01저0237
C:/Users/ngins/Git/python.initial/20250904/runs/cropped_images/01저0237_plate.jpg,01저0237
C:/Users/ngins/Git/python.initial/20250904/runs/cropped_images/01저0237_s1.jpg,01저0237
C:/Users/ngins/Git/python.initial/20250904/runs/cropped_images/01저0326-2_plate.jpg,01저0326
C:/Users/ngins/Git/python.initial/20250904/runs/cropped_images/01저0326-2_s1.jpg,01저0326
C:/Users/ngins/Git/python.initial/20250904/runs/cropped_images/01저0326_plate.jpg,01저0326
C:/Users/ngins/Git/python.initial/20250904/runs/cropped_images/01저0326_s1.jpg,01저0326
C:/Users/ngins/Git/python.initial/20250904/runs/cropped_images/01저0388_plate.jpg,01저0388
C:/Users/ngins/Git/python.initial/20250904/runs/cropped_images/01저0388_s1.jpg,01저0388
C:/Users/ngins/Git/python.initial/20250904/runs/cropped_images/01저1702_plate.jpg,01저1702
C:/Users/ngins/Git/python.initial/20250904/runs/cropped_images/01저1702_s1.jpg,01저1702
C:/Users/ngins/Git/python.initial/20250904/runs/cropped_images/01저8292_plate.jpg,01저8292
C:/Users/ngins/Git/python.initial/20250904/runs/cropped_images/01저8292_s1.jpg,01저8292
C:/Users/ngins/Git/python.initial/20250904/runs/cropped_images/01저8569_plate.jpg,01저8569
C:/Users/ngins/Git/python.initial/20250904/runs/cropped_images/01저8569_s1.jpg,01저8569
C:/Users/ngins/Git/python.initial/20250904/runs/cropped_images/01저9105_plate.jpg,01저9105
C:/Users/ngins/Git/python.initial/20250904/runs/cropped_images/01저9105_s1.jpg,01저9105
C:/Users/ngins/Git/python.initial/20250904/runs/cropped_images/01조0220_plate.jpg,01조0220
C:/Users/ngins/Git/python.initial/20250904/runs/cropped_images/01조0220_s1.jpg,01조0220
C:/Users/ngins/Git/python.initial/20250904/runs/cropped_images/01조0261-2_plate.jpg,01조0261
C:/Users/ngins/Git/python.initial/20250904/runs/cropped_images/01조0261-2_s1.jpg,01조0261
C:/Users/ngins/Git/python.initial/20250904/runs/cropped_images/01조0261_plate.jpg,01조0261
C:/Users/ngins/Git/python.initial/20250904/runs/cropped_images/01조0261_s1.jpg,01조0261
C:/Users/ngins/Git/python.initial/20250904/runs/cropped_images/01조0721_plate.jpg,01조0721
C:/Users/ngins/Git/python.initial/20250904/runs/cropped_images/01조0721_s1.jpg,01조0721
C:/Users/ngins/Git/python.initial/20250904/runs/cropped_images/01조0996_plate.jpg,01조0996
C:/Users/ngins/Git/python.initial/20250904/runs/cropped_images/01조0996_s1.jpg,01조0996
C:/Users/ngins/Git/python.initial/20250904/runs/cropped_images/01조1864-2_d1.jpg,01조
C:/Users/ngins/Git/python.initial/20250904/runs/cropped_images/01조1864-2_d2.jpg,1864
C:/Users/ngins/Git/python.initial/20250904/runs/cropped_images/01조1864-2_plate.jpg,01조1864
C:/Users/ngins/Git/python.initial/20250904/runs/cropped_images/01조1864-3_d1.jpg,01조
C:/Users/ngins/Git/python.initial/20250904/runs/cropped_images/01조1864-3_d2.jpg,1864
C:/Users/ngins/Git/python.initial/20250904/runs/cropped_images/01조1864-3_plate.jpg,01조1864
C:/Users/ngins/Git/python.initial/20250904/runs/cropped_images/01조1864_d1.jpg,01조
C:/Users/ngins/Git/python.initial/20250904/runs/cropped_images/01조1864_d2.jpg,1864
C:/Users/ngins/Git/python.initial/20250904/runs/cropped_images/01조1864_plate.jpg,01조1864
C:/Users/ngins/Git/python.initial/20250904/runs/cropped_images/01조3011-2_plate.jpg,01조3011
C:/Users/ngins/Git/python.initial/20250904/runs/cropped_images/01조3011-2_s1.jpg,01조3011
C:/Users/ngins/Git/python.initial/20250904/runs/cropped_images/01조3011_plate.jpg,01조3011
C:/Users/ngins/Git/python.initial/20250904/runs/cropped_images/01조3011_s1.jpg,01조3011
C:/Users/ngins/Git/python.initial/20250904/runs/cropped_images/01조4013_plate.jpg,01조4013
C:/Users/ngins/Git/python.initial/20250904/runs/cropped_images/01조4013_s1.jpg,01조4013
C:/Users/ngins/Git/python.initial/20250904/runs/cropped_images/01조5543_d1.jpg,01조
C:/Users/ngins/Git/python.initial/20250904/runs/cropped_images/01조5543_d2.jpg,5543
C:/Users/ngins/Git/python.initial/20250904/runs/cropped_images/01조5543_plate.jpg,01조5543
C:/Users/ngins/Git/python.initial/20250904/runs/cropped_images/01조6218_plate.jpg,01조6218
C:/Users/ngins/Git/python.initial/20250904/runs/cropped_images/01조6218_s1.jpg,01조6218
C:/Users/ngins/Git/python.initial/20250904/runs/cropped_images/01조8063_plate.jpg,01조8063
C:/Users/ngins/Git/python.initial/20250904/runs/cropped_images/01조8063_s1.jpg,01조8063
C:/Users/ngins/Git/python.initial/20250904/runs/cropped_images/01조8091_d1.jpg,01조
C:/Users/ngins/Git/python.initial/20250904/runs/cropped_images/01조8091_d2.jpg,8091
C:/Users/ngins/Git/python.initial/20250904/runs/cropped_images/01조8091_plate.jpg,01조8091
C:/Users/ngins/Git/python.initial/20250904/runs/cropped_images/01조8158-2_plate.jpg,01조8158
C:/Users/ngins/Git/python.initial/20250904/runs/cropped_images/01조8158-2_s1.jpg,01조8158
C:/Users/ngins/Git/python.initial/20250904/runs/cropped_images/01조8158-3_plate.jpg,01조8158
C:/Users/ngins/Git/python.initial/20250904/runs/cropped_images/01조8158-3_s1.jpg,01조8158
C:/Users/ngins/Git/python.initial/20250904/runs/cropped_images/01조8158-4_plate.jpg,01조8158
C:/Users/ngins/Git/python.initial/20250904/runs/cropped_images/01조8158-4_s1.jpg,01조8158
C:/Users/ngins/Git/python.initial/20250904/runs/cropped_images/01조8158-5_plate.jpg,01조8158
C:/Users/ngins/Git/python.initial/20250904/runs/cropped_images/01조8158-5_s1.jpg,01조8158
C:/Users/ngins/Git/python.initial/20250904/runs/cropped_images/01조8158_plate.jpg,01조8158
C:/Users/ngins/Git/python.initial/20250904/runs/cropped_images/01조8158_s1.jpg,01조8158
C:/Users/ngins/Git/python.initial/20250904/runs/cropped_images/01주0376-2_plate.jpg,01주0376
C:/Users/ngins/Git/python.initial/20250904/runs/cropped_images/01주0376-2_s1.jpg,01주0376
C:/Users/ngins/Git/python.initial/20250904/runs/cropped_images/01주0376_plate.jpg,01주0376
C:/Users/ngins/Git/python.initial/20250904/runs/cropped_images/01주0376_s1.jpg,01주0376
C:/Users/ngins/Git/python.initial/20250904/runs/cropped_images/01주0407_plate.jpg,01주0407
C:/Users/ngins/Git/python.initial/20250904/runs/cropped_images/01주0407_s1.jpg,01주0407
C:/Users/ngins/Git/python.initial/20250904/runs/cropped_images/01주0717_plate.jpg,01주0717
C:/Users/ngins/Git/python.initial/20250904/runs/cropped_images/01주0717_s1.jpg,01주0717
C:/Users/ngins/Git/python.initial/20250904/runs/cropped_images/01주4854_plate.jpg,01주4854
C:/Users/ngins/Git/python.initial/20250904/runs/cropped_images/01주4854_s1.jpg,01주4854
C:/Users/ngins/Git/python.initial/20250904/runs/cropped_images/01주5036_d1.jpg,01주
C:/Users/ngins/Git/python.initial/20250904/runs/cropped_images/01주5036_d2.jpg,5036
C:/Users/ngins/Git/python.initial/20250904/runs/cropped_images/01주5036_plate.jpg,01주5036
C:/Users/ngins/Git/python.initial/20250904/runs/cropped_images/01주6687_plate.jpg,01주6687
C:/Users/ngins/Git/python.initial/20250904/runs/cropped_images/01주6687_s1.jpg,01주6687
C:/Users/ngins/Git/python.initial/20250904/runs/cropped_images/01주6701_plate.jpg,01주6701
C:/Users/ngins/Git/python.initial/20250904/runs/cropped_images/01주6701_s1.jpg,01주6701
C:/Users/ngins/Git/python.initial/20250904/runs/cropped_images/01주6939-2_plate.jpg,01주6939
C:/Users/ngins/Git/python.initial/20250904/runs/cropped_images/01주6939-2_s1.jpg,01주6939
C:/Users/ngins/Git/python.initial/20250904/runs/cropped_images/01주6939-3_plate.jpg,01주6939
C:/Users/ngins/Git/python.initial/20250904/runs/cropped_images/01주6939-3_s1.jpg,01주6939
C:/Users/ngins/Git/python.initial/20250904/runs/cropped_images/01주6939-4_plate.jpg,01주6939
C:/Users/ngins/Git/python.initial/20250904/runs/cropped_images/01주6939-4_s1.jpg,01주6939
C:/Users/ngins/Git/python.initial/20250904/runs/cropped_images/01주6939_plate.jpg,01주6939
C:/Users/ngins/Git/python.initial/20250904/runs/cropped_images/01주6939_s1.jpg,01주6939
C:/Users/ngins/Git/python.initial/20250904/runs/cropped_images/01주7413-2_plate.jpg,01주7413
C:/Users/ngins/Git/python.initial/20250904/runs/cropped_images/01주7413-2_s1.jpg,01주7413
C:/Users/ngins/Git/python.initial/20250904/runs/cropped_images/01주7413_plate.jpg,01주7413
C:/Users/ngins/Git/python.initial/20250904/runs/cropped_images/01주7413_s1.jpg,01주7413
C:/Users/ngins/Git/python.initial/20250904/runs/cropped_images/01주9313-10_plate.jpg,01주9313
C:/Users/ngins/Git/python.initial/20250904/runs/cropped_images/01주9313-10_s1.jpg,01주9313
C:/Users/ngins/Git/python.initial/20250904/runs/cropped_images/01주9313-11_plate.jpg,01주9313
C:/Users/ngins/Git/python.initial/20250904/runs/cropped_images/01주9313-11_s1.jpg,01주9313
C:/Users/ngins/Git/python.initial/20250904/runs/cropped_images/01주9313-2_plate.jpg,01주9313
C:/Users/ngins/Git/python.initial/20250904/runs/cropped_images/01주9313-2_s1.jpg,01주9313
C:/Users/ngins/Git/python.initial/20250904/runs/cropped_images/01주9313-3_plate.jpg,01주9313
C:/Users/ngins/Git/python.initial/20250904/runs/cropped_images/01주9313-3_s1.jpg,01주9313
C:/Users/ngins/Git/python.initial/20250904/runs/cropped_images/01주9313-4_plate.jpg,01주9313
C:/Users/ngins/Git/python.initial/20250904/runs/cropped_images/01주9313-4_s1.jpg,01주9313
C:/Users/ngins/Git/python.initial/20250904/runs/cropped_images/01주9313-5_plate.jpg,01주9313
C:/Users/ngins/Git/python.initial/20250904/runs/cropped_images/01주9313-5_s1.jpg,01주9313
C:/Users/ngins/Git/python.initial/20250904/runs/cropped_images/01주9313-6_plate.jpg,01주9313
C:/Users/ngins/Git/python.initial/20250904/runs/cropped_images/01주9313-6_s1.jpg,01주9313
C:/Users/ngins/Git/python.initial/20250904/runs/cropped_images/01주9313-7_plate.jpg,01주9313
C:/Users/ngins/Git/python.initial/20250904/runs/cropped_images/01주9313-7_s1.jpg,01주9313
C:/Users/ngins/Git/python.initial/20250904/runs/cropped_images/01주9313-8_plate.jpg,01주9313
C:/Users/ngins/Git/python.initial/20250904/runs/cropped_images/01주9313-8_s1.jpg,01주9313
C:/Users/ngins/Git/python.initial/20250904/runs/cropped_images/01주9313-9_plate.jpg,01주9313
C:/Users/ngins/Git/python.initial/20250904/runs/cropped_images/01주9313-9_s1.jpg,01주9313
C:/Users/ngins/Git/python.initial/20250904/runs/cropped_images/01주9313_plate.jpg,01주9313
C:/Users/ngins/Git/python.initial/20250904/runs/cropped_images/01주9313_s1.jpg,01주9313
C:/Users/ngins/Git/python.initial/20250904/runs/cropped_images/01하0271_plate.jpg,01하0271
C:/Users/ngins/Git/python.initial/20250904/runs/cropped_images/01하0271_s1.jpg,01하0271
C:/Users/ngins/Git/python.initial/20250904/runs/cropped_images/01하1064-2_plate.jpg,01하1064
C:/Users/ngins/Git/python.initial/20250904/runs/cropped_images/01하1064-2_s1.jpg,01하1064
C:/Users/ngins/Git/python.initial/20250904/runs/cropped_images/01하1064_plate.jpg,01하1064
C:/Users/ngins/Git/python.initial/20250904/runs/cropped_images/01하1064_s1.jpg,01하1064
C:/Users/ngins/Git/python.initial/20250904/runs/cropped_images/01하1096-2_plate.jpg,01하1096
C:/Users/ngins/Git/python.initial/20250904/runs/cropped_images/01하1096-2_s1.jpg,01하1096
C:/Users/ngins/Git/python.initial/20250904/runs/cropped_images/01하1096-3_plate.jpg,01하1096
C:/Users/ngins/Git/python.initial/20250904/runs/cropped_images/01하1096-3_s1.jpg,01하1096
C:/Users/ngins/Git/python.initial/20250904/runs/cropped_images/01하1096-4_plate.jpg,01하1096
C:/Users/ngins/Git/python.initial/20250904/runs/cropped_images/01하1096-4_s1.jpg,01하1096
C:/Users/ngins/Git/python.initial/20250904/runs/cropped_images/01하1096_plate.jpg,01하1096
C:/Users/ngins/Git/python.initial/20250904/runs/cropped_images/01하1096_s1.jpg,01하1096
C:/Users/ngins/Git/python.initial/20250904/runs/cropped_images/01하6780-2_plate.jpg,01하6780
C:/Users/ngins/Git/python.initial/20250904/runs/cropped_images/01하6780-2_s1.jpg,01하6780
C:/Users/ngins/Git/python.initial/20250904/runs/cropped_images/01하6780-3_plate.jpg,01하6780
C:/Users/ngins/Git/python.initial/20250904/runs/cropped_images/01하6780-3_s1.jpg,01하6780
C:/Users/ngins/Git/python.initial/20250904/runs/cropped_images/01하6780_plate.jpg,01하6780
C:/Users/ngins/Git/python.initial/20250904/runs/cropped_images/01하6780_s1.jpg,01하6780
C:/Users/ngins/Git/python.initial/20250904/runs/cropped_images/01하7260-2_plate.jpg,01하7260
C:/Users/ngins/Git/python.initial/20250904/runs/cropped_images/01하7260-2_s1.jpg,01하7260
C:/Users/ngins/Git/python.initial/20250904/runs/cropped_images/01하7260-3_plate.jpg,01하7260
C:/Users/ngins/Git/python.initial/20250904/runs/cropped_images/01하7260-3_s1.jpg,01하7260
C:/Users/ngins/Git/python.initial/20250904/runs/cropped_images/01하7260_plate.jpg,01하7260
C:/Users/ngins/Git/python.initial/20250904/runs/cropped_images/01하7260_s1.jpg,01하7260
C:/Users/ngins/Git/python.initial/20250904/runs/cropped_images/01허7049_plate.jpg,01허7049
C:/Users/ngins/Git/python.initial/20250904/runs/cropped_images/01허7049_s1.jpg,01허7049
C:/Users/ngins/Git/python.initial/20250904/runs/cropped_images/01호0499_plate.jpg,01호0499
C:/Users/ngins/Git/python.initial/20250904/runs/cropped_images/01호0499_s1.jpg,01호0499
C:/Users/ngins/Git/python.initial/20250904/runs/cropped_images/01호0724-2_plate.jpg,01호0724
C:/Users/ngins/Git/python.initial/20250904/runs/cropped_images/01호0724-2_s1.jpg,01호0724
C:/Users/ngins/Git/python.initial/20250904/runs/cropped_images/01호0724_plate.jpg,01호0724
C:/Users/ngins/Git/python.initial/20250904/runs/cropped_images/01호0724_s1.jpg,01호0724
C:/Users/ngins/Git/python.initial/20250904/runs/cropped_images/01호1319-2_plate.jpg,01호1319
C:/Users/ngins/Git/python.initial/20250904/runs/cropped_images/01호1319-2_s1.jpg,01호1319
C:/Users/ngins/Git/python.initial/20250904/runs/cropped_images/01호1319_plate.jpg,01호1319
C:/Users/ngins/Git/python.initial/20250904/runs/cropped_images/01호1319_s1.jpg,01호1319
C:/Users/ngins/Git/python.initial/20250904/runs/cropped_images/01호6105_plate.jpg,01호6105
C:/Users/ngins/Git/python.initial/20250904/runs/cropped_images/01호6105_s1.jpg,01호6105
C:/Users/ngins/Git/python.initial/20250904/runs/cropped_images/01호6139_plate.jpg,01호6139
C:/Users/ngins/Git/python.initial/20250904/runs/cropped_images/01호6139_s1.jpg,01호6139
C:/Users/ngins/Git/python.initial/20250904/runs/cropped_images/01호7044-2_plate.jpg,01호7044
C:/Users/ngins/Git/python.initial/20250904/runs/cropped_images/01호7044-2_s1.jpg,01호7044
C:/Users/ngins/Git/python.initial/20250904/runs/cropped_images/01호7044_plate.jpg,01호7044
C:/Users/ngins/Git/python.initial/20250904/runs/cropped_images/01호7044_s1.jpg,01호7044
C:/Users/ngins/Git/python.initial/20250904/runs/cropped_images/01호7682_plate.jpg,01호7682
C:/Users/ngins/Git/python.initial/20250904/runs/cropped_images/01호7682_s1.jpg,01호7682
C:/Users/ngins/Git/python.initial/20250904/runs/cropped_images/01호7967_plate.jpg,01호7967
C:/Users/ngins/Git/python.initial/20250904/runs/cropped_images/01호7967_s1.jpg,01호7967
C:/Users/ngins/Git/python.initial/20250904/runs/cropped_images/01호9350_plate.jpg,01호9350
C:/Users/ngins/Git/python.initial/20250904/runs/cropped_images/01호9350_s1.jpg,01호9350
C:/Users/ngins/Git/python.initial/20250904/runs/cropped_images/01호9634_plate.jpg,01호9634
C:/Users/ngins/Git/python.initial/20250904/runs/cropped_images/01호9634_s1.jpg,01호9634
C:/Users/ngins/Git/python.initial/20250904/runs/cropped_images/01호9642_plate.jpg,01호9642
C:/Users/ngins/Git/python.initial/20250904/runs/cropped_images/01호9642_s1.jpg,01호9642
C:/Users/ngins/Git/python.initial/20250904/runs/cropped_images/02가5964_plate.jpg,02가5964
C:/Users/ngins/Git/python.initial/20250904/runs/cropped_images/02가5964_s1.jpg,02가5964
C:/Users/ngins/Git/python.initial/20250904/runs/cropped_images/02가6440_plate.jpg,02가6440
C:/Users/ngins/Git/python.initial/20250904/runs/cropped_images/02가6440_s1.jpg,02가6440
C:/Users/ngins/Git/python.initial/20250904/runs/cropped_images/02가6442_plate.jpg,02가6442
C:/Users/ngins/Git/python.initial/20250904/runs/cropped_images/02가6442_s1.jpg,02가6442
C:/Users/ngins/Git/python.initial/20250904/runs/cropped_images/02가6470-2_plate.jpg,02가6470
C:/Users/ngins/Git/python.initial/20250904/runs/cropped_images/02가6470-2_s1.jpg,02가6470
C:/Users/ngins/Git/python.initial/20250904/runs/cropped_images/02가7647_d1.jpg,02가
C:/Users/ngins/Git/python.initial/20250904/runs/cropped_images/02가7647_d2.jpg,7647
C:/Users/ngins/Git/python.initial/20250904/runs/cropped_images/02가7647_plate.jpg,02가7647
C:/Users/ngins/Git/python.initial/20250904/runs/cropped_images/02가7691_plate.jpg,02가7691
C:/Users/ngins/Git/python.initial/20250904/runs/cropped_images/02가7691_s1.jpg,02가7691
C:/Users/ngins/Git/python.initial/20250904/runs/cropped_images/02가8017_plate.jpg,02가8017
C:/Users/ngins/Git/python.initial/20250904/runs/cropped_images/02가8017_s1.jpg,02가8017
C:/Users/ngins/Git/python.initial/20250904/runs/cropped_images/02가8379_plate.jpg,02가8379
C:/Users/ngins/Git/python.initial/20250904/runs/cropped_images/02가8379_s1.jpg,02가8379
C:/Users/ngins/Git/python.initial/20250904/runs/cropped_images/02가9456_plate.jpg,02가9456
C:/Users/ngins/Git/python.initial/20250904/runs/cropped_images/02가9456_s1.jpg,02가9456
C:/Users/ngins/Git/python.initial/20250904/runs/cropped_images/02거0638_plate.jpg,02거0638
C:/Users/ngins/Git/python.initial/20250904/runs/cropped_images/02거0638_s1.jpg,02거0638
C:/Users/ngins/Git/python.initial/20250904/runs/cropped_images/02거3803-2_plate.jpg,02거3803
C:/Users/ngins/Git/python.initial/20250904/runs/cropped_images/02거3803-2_s1.jpg,02거3803
C:/Users/ngins/Git/python.initial/20250904/runs/cropped_images/02거3803_plate.jpg,02거3803
C:/Users/ngins/Git/python.initial/20250904/runs/cropped_images/02거3803_s1.jpg,02거3803
C:/Users/ngins/Git/python.initial/20250904/runs/cropped_images/02거3851-2_plate.jpg,02거3851
C:/Users/ngins/Git/python.initial/20250904/runs/cropped_images/02거3851-2_s1.jpg,02거3851
C:/Users/ngins/Git/python.initial/20250904/runs/cropped_images/02거3851-3_plate.jpg,02거3851
C:/Users/ngins/Git/python.initial/20250904/runs/cropped_images/02거3851-3_s1.jpg,02거3851
C:/Users/ngins/Git/python.initial/20250904/runs/cropped_images/02거3851-4_plate.jpg,02거3851
C:/Users/ngins/Git/python.initial/20250904/runs/cropped_images/02거3851-4_s1.jpg,02거3851
C:/Users/ngins/Git/python.initial/20250904/runs/cropped_images/02거3851_plate.jpg,02거3851
C:/Users/ngins/Git/python.initial/20250904/runs/cropped_images/02거3851_s1.jpg,02거3851
C:/Users/ngins/Git/python.initial/20250904/runs/cropped_images/02거4432_plate.jpg,02거4432
C:/Users/ngins/Git/python.initial/20250904/runs/cropped_images/02거4432_s1.jpg,02거4432
C:/Users/ngins/Git/python.initial/20250904/runs/cropped_images/02거8221-2_plate.jpg,02거8221
C:/Users/ngins/Git/python.initial/20250904/runs/cropped_images/02거8221-2_s1.jpg,02거8221
C:/Users/ngins/Git/python.initial/20250904/runs/cropped_images/02거8221_plate.jpg,02거8221
C:/Users/ngins/Git/python.initial/20250904/runs/cropped_images/02거8221_s1.jpg,02거8221
C:/Users/ngins/Git/python.initial/20250904/runs/cropped_images/02고0189_plate.jpg,02고0189
C:/Users/ngins/Git/python.initial/20250904/runs/cropped_images/02고0189_s1.jpg,02고0189
C:/Users/ngins/Git/python.initial/20250904/runs/cropped_images/02고0625_plate.jpg,02고0625
C:/Users/ngins/Git/python.initial/20250904/runs/cropped_images/02고0625_s1.jpg,02고0625
C:/Users/ngins/Git/python.initial/20250904/runs/cropped_images/02고2469_plate.jpg,02고2469
C:/Users/ngins/Git/python.initial/20250904/runs/cropped_images/02고2469_s1.jpg,02고2469
C:/Users/ngins/Git/python.initial/20250904/runs/cropped_images/02고3644_plate.jpg,02고3644
C:/Users/ngins/Git/python.initial/20250904/runs/cropped_images/02고3644_s1.jpg,02고3644
C:/Users/ngins/Git/python.initial/20250904/runs/cropped_images/02고4190_plate.jpg,02고4190
C:/Users/ngins/Git/python.initial/20250904/runs/cropped_images/02고4190_s1.jpg,02고4190
C:/Users/ngins/Git/python.initial/20250904/runs/cropped_images/02고4366_plate.jpg,02고4366
C:/Users/ngins/Git/python.initial/20250904/runs/cropped_images/02고4366_s1.jpg,02고4366
C:/Users/ngins/Git/python.initial/20250904/runs/cropped_images/02고4701_plate.jpg,02고4701
C:/Users/ngins/Git/python.initial/20250904/runs/cropped_images/02고4701_s1.jpg,02고4701
C:/Users/ngins/Git/python.initial/20250904/runs/cropped_images/02고4759_plate.jpg,02고4759
C:/Users/ngins/Git/python.initial/20250904/runs/cropped_images/02고4759_s1.jpg,02고4759
C:/Users/ngins/Git/python.initial/20250904/runs/cropped_images/02고5559_plate.jpg,02고5559
C:/Users/ngins/Git/python.initial/20250904/runs/cropped_images/02고5559_s1.jpg,02고5559
C:/Users/ngins/Git/python.initial/20250904/runs/cropped_images/02고5600_plate.jpg,02고5600
C:/Users/ngins/Git/python.initial/20250904/runs/cropped_images/02고5600_s1.jpg,02고5600
C:/Users/ngins/Git/python.initial/20250904/runs/cropped_images/02고7475_plate.jpg,02고7475
C:/Users/ngins/Git/python.initial/20250904/runs/cropped_images/02고7475_s1.jpg,02고7475
C:/Users/ngins/Git/python.initial/20250904/runs/cropped_images/02고8652-2_plate.jpg,02고8652
C:/Users/ngins/Git/python.initial/20250904/runs/cropped_images/02고8652-2_s1.jpg,02고8652
C:/Users/ngins/Git/python.initial/20250904/runs/cropped_images/02고8652-3_plate.jpg,02고8652
C:/Users/ngins/Git/python.initial/20250904/runs/cropped_images/02고8652-3_s1.jpg,02고8652
C:/Users/ngins/Git/python.initial/20250904/runs/cropped_images/02고8652_plate.jpg,02고8652
C:/Users/ngins/Git/python.initial/20250904/runs/cropped_images/02고8652_s1.jpg,02고8652
C:/Users/ngins/Git/python.initial/20250904/runs/cropped_images/02구3143_plate.jpg,02구3143
C:/Users/ngins/Git/python.initial/20250904/runs/cropped_images/02구3143_s1.jpg,02구3143
C:/Users/ngins/Git/python.initial/20250904/runs/cropped_images/02구4073_plate.jpg,02구4073
C:/Users/ngins/Git/python.initial/20250904/runs/cropped_images/02구4073_s1.jpg,02구4073
C:/Users/ngins/Git/python.initial/20250904/runs/cropped_images/02구5191-2_plate.jpg,02구5191
C:/Users/ngins/Git/python.initial/20250904/runs/cropped_images/02구5191-2_s1.jpg,02구5191
C:/Users/ngins/Git/python.initial/20250904/runs/cropped_images/02구5191_plate.jpg,02구5191
C:/Users/ngins/Git/python.initial/20250904/runs/cropped_images/02구5191_s1.jpg,02구5191
C:/Users/ngins/Git/python.initial/20250904/runs/cropped_images/02구5396-2_plate.jpg,02구5396
C:/Users/ngins/Git/python.initial/20250904/runs/cropped_images/02구5396-2_s1.jpg,02구5396
C:/Users/ngins/Git/python.initial/20250904/runs/cropped_images/02구5396_plate.jpg,02구5396
C:/Users/ngins/Git/python.initial/20250904/runs/cropped_images/02구5396_s1.jpg,02구5396
C:/Users/ngins/Git/python.initial/20250904/runs/cropped_images/02구6482_plate.jpg,02구6482
C:/Users/ngins/Git/python.initial/20250904/runs/cropped_images/02구6482_s1.jpg,02구6482
C:/Users/ngins/Git/python.initial/20250904/runs/cropped_images/02구6673-2_plate.jpg,02구6673
C:/Users/ngins/Git/python.initial/20250904/runs/cropped_images/02구6673-2_s1.jpg,02구6673
C:/Users/ngins/Git/python.initial/20250904/runs/cropped_images/02구6673-3_plate.jpg,02구6673
C:/Users/ngins/Git/python.initial/20250904/runs/cropped_images/02구6673-3_s1.jpg,02구6673
C:/Users/ngins/Git/python.initial/20250904/runs/cropped_images/02구6673_plate.jpg,02구6673
C:/Users/ngins/Git/python.initial/20250904/runs/cropped_images/02구6673_s1.jpg,02구6673
C:/Users/ngins/Git/python.initial/20250904/runs/cropped_images/02구7420_plate.jpg,02구7420
C:/Users/ngins/Git/python.initial/20250904/runs/cropped_images/02구7420_s1.jpg,02구7420
C:/Users/ngins/Git/python.initial/20250904/runs/cropped_images/02구7929_plate.jpg,02구7929
C:/Users/ngins/Git/python.initial/20250904/runs/cropped_images/02구7929_s1.jpg,02구7929
C:/Users/ngins/Git/python.initial/20250904/runs/cropped_images/02구8457_plate.jpg,02구8457
C:/Users/ngins/Git/python.initial/20250904/runs/cropped_images/02구8457_s1.jpg,02구8457
C:/Users/ngins/Git/python.initial/20250904/runs/cropped_images/02나0743-2_plate.jpg,02나0743
C:/Users/ngins/Git/python.initial/20250904/runs/cropped_images/02나0743-2_s1.jpg,02나0743
C:/Users/ngins/Git/python.initial/20250904/runs/cropped_images/02나0743_plate.jpg,02나0743
C:/Users/ngins/Git/python.initial/20250904/runs/cropped_images/02나0743_s1.jpg,02나0743
C:/Users/ngins/Git/python.initial/20250904/runs/cropped_images/02나0786_plate.jpg,02나0786
C:/Users/ngins/Git/python.initial/20250904/runs/cropped_images/02나0786_s1.jpg,02나0786
C:/Users/ngins/Git/python.initial/20250904/runs/cropped_images/02나0834_plate.jpg,02나0834
C:/Users/ngins/Git/python.initial/20250904/runs/cropped_images/02나0834_s1.jpg,02나0834
C:/Users/ngins/Git/python.initial/20250904/runs/cropped_images/02나0948-10_plate.jpg,02나0948
C:/Users/ngins/Git/python.initial/20250904/runs/cropped_images/02나0948-10_s1.jpg,02나0948
C:/Users/ngins/Git/python.initial/20250904/runs/cropped_images/02나0948-11_plate.jpg,02나0948
C:/Users/ngins/Git/python.initial/20250904/runs/cropped_images/02나0948-11_s1.jpg,02나0948
C:/Users/ngins/Git/python.initial/20250904/runs/cropped_images/02나0948-12_plate.jpg,02나0948
C:/Users/ngins/Git/python.initial/20250904/runs/cropped_images/02나0948-12_s1.jpg,02나0948
C:/Users/ngins/Git/python.initial/20250904/runs/cropped_images/02나0948-13_plate.jpg,02나0948
C:/Users/ngins/Git/python.initial/20250904/runs/cropped_images/02나0948-13_s1.jpg,02나0948
C:/Users/ngins/Git/python.initial/20250904/runs/cropped_images/02나0948-2_plate.jpg,02나0948
C:/Users/ngins/Git/python.initial/20250904/runs/cropped_images/02나0948-2_s1.jpg,02나0948
C:/Users/ngins/Git/python.initial/20250904/runs/cropped_images/02나0948-3_plate.jpg,02나0948
C:/Users/ngins/Git/python.initial/20250904/runs/cropped_images/02나0948-3_s1.jpg,02나0948
C:/Users/ngins/Git/python.initial/20250904/runs/cropped_images/02나0948-4_plate.jpg,02나0948
C:/Users/ngins/Git/python.initial/20250904/runs/cropped_images/02나0948-4_s1.jpg,02나0948
C:/Users/ngins/Git/python.initial/20250904/runs/cropped_images/02나0948-5_plate.jpg,02나0948
C:/Users/ngins/Git/python.initial/20250904/runs/cropped_images/02나0948-5_s1.jpg,02나0948
C:/Users/ngins/Git/python.initial/20250904/runs/cropped_images/02나0948-6_plate.jpg,02나0948
C:/Users/ngins/Git/python.initial/20250904/runs/cropped_images/02나0948-6_s1.jpg,02나0948
C:/Users/ngins/Git/python.initial/20250904/runs/cropped_images/02나0948-7_plate.jpg,02나0948
C:/Users/ngins/Git/python.initial/20250904/runs/cropped_images/02나0948-7_s1.jpg,02나0948
C:/Users/ngins/Git/python.initial/20250904/runs/cropped_images/02나0948-8_plate.jpg,02나0948
C:/Users/ngins/Git/python.initial/20250904/runs/cropped_images/02나0948-8_s1.jpg,02나0948
C:/Users/ngins/Git/python.initial/20250904/runs/cropped_images/02나0948-9_plate.jpg,02나0948
C:/Users/ngins/Git/python.initial/20250904/runs/cropped_images/02나0948-9_s1.jpg,02나0948
C:/Users/ngins/Git/python.initial/20250904/runs/cropped_images/02나0948_plate.jpg,02나0948
C:/Users/ngins/Git/python.initial/20250904/runs/cropped_images/02나0948_s1.jpg,02나0948
C:/Users/ngins/Git/python.initial/20250904/runs/cropped_images/02나2509_plate.jpg,02나2509
C:/Users/ngins/Git/python.initial/20250904/runs/cropped_images/02나2509_s1.jpg,02나2509
C:/Users/ngins/Git/python.initial/20250904/runs/cropped_images/02나2874_plate.jpg,02나2874
C:/Users/ngins/Git/python.initial/20250904/runs/cropped_images/02나2874_s1.jpg,02나2874
C:/Users/ngins/Git/python.initial/20250904/runs/cropped_images/02나3009_plate.jpg,02나3009
C:/Users/ngins/Git/python.initial/20250904/runs/cropped_images/02나3009_s1.jpg,02나3009
C:/Users/ngins/Git/python.initial/20250904/runs/cropped_images/02나5014_plate.jpg,02나5014
C:/Users/ngins/Git/python.initial/20250904/runs/cropped_images/02나5014_s1.jpg,02나5014
C:/Users/ngins/Git/python.initial/20250904/runs/cropped_images/02나5038_plate.jpg,02나5038
C:/Users/ngins/Git/python.initial/20250904/runs/cropped_images/02나5038_s1.jpg,02나5038
C:/Users/ngins/Git/python.initial/20250904/runs/cropped_images/02나5137_plate.jpg,02나5137
C:/Users/ngins/Git/python.initial/20250904/runs/cropped_images/02나5137_s1.jpg,02나5137
C:/Users/ngins/Git/python.initial/20250904/runs/cropped_images/02노3007_plate.jpg,02노3007
C:/Users/ngins/Git/python.initial/20250904/runs/cropped_images/02노3007_s1.jpg,02노3007
C:/Users/ngins/Git/python.initial/20250904/runs/cropped_images/02로6470_plate.jpg,02로6470
C:/Users/ngins/Git/python.initial/20250904/runs/cropped_images/02로6470_s1.jpg,02로6470
