epoch,time,train/box_loss,train/cls_loss,train/dfl_loss,metrics/precision(B),metrics/recall(B),metrics/mAP50(B),metrics/mAP50-95(B),val/box_loss,val/cls_loss,val/dfl_loss,lr/pg0,lr/pg1,lr/pg2
1,37.4534,1.02948,2.86552,1.63515,0.00323,1,0.59081,0.34371,0.48841,2.92721,1.40154,0.00021671,0.00021671,0.00021671
2,73.1911,0.62958,2.23726,1.2769,0.00319,1,0.53964,0.44007,0.4677,2.85038,1.55532,0.000441178,0.000441178,0.000441178
3,109.761,0.58434,1.73892,1.22396,0.00326,1,0.79147,0.66055,0.56954,2.47125,1.56663,0.000656405,0.000656405,0.000656405
4,139.498,0.60399,1.32814,1.20469,0.78741,0.3957,0.77211,0.60164,0.70159,2.13357,1.63338,0.000862389,0.000862389,0.000862389
5,176.764,0.62255,1.09853,1.23827,0.473,0.66667,0.52927,0.40767,0.79575,2.10391,1.56937,0.00105913,0.00105913,0.00105913
6,209.488,0.63638,1.14406,1.23891,0.53024,0.53409,0.47793,0.20768,0.92081,2.5204,2.20618,0.00124663,0.00124663,0.00124663
7,242.697,0.61645,0.9883,1.20833,0.51457,0.70272,0.51564,0.32813,0.94621,3.09807,2.15971,0.00142489,0.00142489,0.00142489
8,276.239,0.58053,0.90859,1.19587,0.80139,0.41667,0.62816,0.51141,0.55937,2.61118,1.36162,0.00143595,0.00143595,0.00143595
9,309.933,0.55888,0.93876,1.17547,0.74578,0.88803,0.79265,0.55169,1.07167,1.61823,2.59468,0.00140295,0.00140295,0.00140295
10,330.731,0.58495,0.8964,1.19858,0.28724,0.81818,0.35619,0.148,1.46092,2.87335,3.43855,0.00136994,0.00136994,0.00136994
11,341.84,0.57311,0.89625,1.19671,0.8405,0.85835,0.95561,0.82107,0.50613,1.07233,1.27193,0.00133693,0.00133693,0.00133693
12,364.297,0.56926,0.87828,1.16443,0.60771,0.77002,0.6499,0.53666,0.64347,2.49696,1.62674,0.00130393,0.00130393,0.00130393
13,396.446,0.54226,0.84774,1.16004,0.61413,0.75775,0.76805,0.54223,0.78619,2.56433,1.78754,0.00127092,0.00127092,0.00127092
14,428.728,0.55141,0.77755,1.16442,0.9494,0.93838,0.98191,0.89067,0.48999,0.86976,1.24687,0.00123791,0.00123791,0.00123791
15,460.496,0.52744,0.79063,1.15774,0.88231,0.88155,0.97428,0.87956,0.44446,0.78517,1.2346,0.00120491,0.00120491,0.00120491
16,492.271,0.53682,0.75496,1.16164,0.95384,0.9541,0.96792,0.88255,0.46677,0.68474,1.23705,0.0011719,0.0011719,0.0011719
17,524.025,0.53943,0.74632,1.15284,0.90149,0.91386,0.94346,0.8468,0.46527,0.68308,1.2098,0.00113889,0.00113889,0.00113889
18,555.85,0.5639,0.82368,1.17811,0.91246,0.91667,0.94243,0.83747,0.48873,0.77829,1.26707,0.00110589,0.00110589,0.00110589
19,587.68,0.51786,0.72136,1.1361,0.91363,0.77572,0.92073,0.7936,0.53078,0.96792,1.30239,0.00107288,0.00107288,0.00107288
20,619.47,0.52334,0.7091,1.15341,0.91911,0.95833,0.97428,0.77234,0.57079,0.93315,1.31222,0.00103987,0.00103987,0.00103987
21,651.222,0.51821,0.65816,1.1196,0.96699,0.95833,0.98259,0.82841,0.50778,0.6832,1.26176,0.00100687,0.00100687,0.00100687
22,683.053,0.4985,0.68493,1.11439,0.89694,0.93209,0.97255,0.83395,0.53026,0.66074,1.35667,0.000973861,0.000973861,0.000973861
23,714.874,0.48827,0.69698,1.11098,0.63134,0.9874,0.95334,0.84664,0.46831,1.53414,1.21284,0.000940855,0.000940855,0.000940855
24,746.742,0.50153,0.65883,1.12234,0.63052,0.64958,0.84353,0.77847,0.39216,2.8975,1.10008,0.000907848,0.000907848,0.000907848
25,778.553,0.49766,0.6468,1.09015,0.63112,0.85667,0.8747,0.79748,0.39642,2.20749,1.10604,0.000874842,0.000874842,0.000874842
26,810.344,0.49569,0.63992,1.09972,0.95975,0.99206,0.99456,0.88375,0.47324,0.46709,1.22682,0.000841835,0.000841835,0.000841835
27,842.234,0.51041,0.60044,1.11442,0.96499,0.91667,0.97723,0.85845,0.48877,0.49801,1.26537,0.000808828,0.000808828,0.000808828
28,874.046,0.49018,0.67033,1.11371,0.92283,0.90602,0.89691,0.77913,0.51458,0.73974,1.29037,0.000775822,0.000775822,0.000775822
29,906.145,0.47017,0.72805,1.09958,0.93977,0.91667,0.93717,0.83824,0.45602,0.529,1.20106,0.000742815,0.000742815,0.000742815
30,938.371,0.49314,0.61542,1.08981,0.90314,0.90686,0.98123,0.91029,0.39207,0.50714,1.09848,0.000709809,0.000709809,0.000709809
31,970.13,0.49121,0.63012,1.09952,0.90918,0.90152,0.94788,0.86051,0.39522,0.54996,1.10523,0.000676802,0.000676802,0.000676802
32,1001.97,0.49197,0.57341,1.10052,0.95884,0.93744,0.99235,0.90969,0.40581,0.45536,1.13841,0.000643795,0.000643795,0.000643795
33,1033.77,0.48531,0.56099,1.09479,0.97526,0.95811,0.99192,0.9218,0.37386,0.39519,1.09042,0.000610789,0.000610789,0.000610789
34,1065.65,0.46792,0.56387,1.07832,0.98723,1,0.995,0.91983,0.36012,0.40126,1.06665,0.000577782,0.000577782,0.000577782
35,1097.48,0.48153,0.55096,1.10464,0.99637,1,0.995,0.90908,0.38054,0.34949,1.09424,0.000544776,0.000544776,0.000544776
36,1129.34,0.45619,0.55837,1.08099,0.97675,1,0.995,0.90775,0.39092,0.30298,1.12167,0.000511769,0.000511769,0.000511769
37,1161.14,0.47291,0.52952,1.10382,0.96277,0.99705,0.995,0.91922,0.3553,0.29939,1.06145,0.000478762,0.000478762,0.000478762
38,1192.91,0.47575,0.56772,1.1008,0.97076,0.99179,0.995,0.92257,0.36142,0.30706,1.05938,0.000445756,0.000445756,0.000445756
39,1224.74,0.45918,0.54985,1.07799,0.96894,0.9889,0.995,0.91425,0.37254,0.40832,1.07034,0.000412749,0.000412749,0.000412749
40,1256.55,0.45257,0.49829,1.07701,0.97248,0.99754,0.995,0.91397,0.36431,0.34479,1.06184,0.000379743,0.000379743,0.000379743
41,1297.59,0.28076,0.46693,1.06804,0.96895,0.99685,0.995,0.91274,0.39643,0.42767,1.096,0.000346736,0.000346736,0.000346736
42,1328.83,0.27631,0.43888,1.06198,0.9748,0.998,0.995,0.92599,0.36554,0.37742,1.05315,0.000313729,0.000313729,0.000313729
43,1359.71,0.26489,0.39011,1.07831,0.9713,0.9967,0.995,0.89549,0.40551,0.40735,1.11564,0.000280723,0.000280723,0.000280723
44,1390.7,0.25293,0.47665,1.06256,0.9787,0.99839,0.995,0.91492,0.3719,0.37578,1.07846,0.000247716,0.000247716,0.000247716
45,1421.62,0.28885,0.50249,1.11036,0.98248,0.9998,0.995,0.91879,0.35443,0.34363,1.0395,0.00021471,0.00021471,0.00021471
46,1452.63,0.2482,0.34345,1.04256,0.98259,1,0.995,0.9171,0.37256,0.35759,1.06309,0.000181703,0.000181703,0.000181703
47,1483.5,0.26369,0.33481,1.05407,0.97571,0.99842,0.995,0.9219,0.35262,0.31428,1.04194,0.000148696,0.000148696,0.000148696
48,1514.51,0.23668,0.3214,1.06477,0.96843,0.99722,0.995,0.91362,0.36322,0.29164,1.06309,0.00011569,0.00011569,0.00011569
49,1545.45,0.25613,0.30686,1.06353,0.96205,0.99732,0.995,0.91463,0.36713,0.31411,1.06805,8.27E-05,8.27E-05,8.27E-05
50,1576.41,0.26552,0.33107,1.02245,0.96132,0.99713,0.995,0.91376,0.36168,0.32163,1.06418,4.97E-05,4.97E-05,4.97E-05
