file,rows,warning
01-0107_jpg.rf.97793e94656bc231bc77730703531c1b.txt,1,
01-0220_jpg.rf.78376e076f156b14cc4729f3f46ca628.txt,1,
01-0237-2_jpg.rf.4506656387113ba73f2eebdc32949110.txt,1,
01-0261_jpg.rf.d91adb880e20caaa0ec63fcba3d627f6.txt,1,
01-0271_jpg.rf.b7b8c8512f6eb7c8e759bbfaa7886134.txt,1,
01-0273_jpg.rf.2fe30431d95716d14477257742956a93.txt,1,
01-0326_jpg.rf.973202f98455e12947aab921d7977b62.txt,1,
01-0376-2_jpg.rf.321d7330fba30103154339b86cf82ae3.txt,1,
01-0376_jpg.rf.58316ac766335eedd917be8d3a4e77e2.txt,1,
01-0388_jpg.rf.2c2a3a47881377ab8a8752bd58fdc2cb.txt,1,
01-0407_jpg.rf.3c71324382708e8ec41be5e260c081bb.txt,1,
01-0425_jpg.rf.0dc17a82858d273da21f78cb163913f6.txt,1,
01-0502_jpg.rf.6b4e477751fa530e42222a6f38756b76.txt,1,
01-0543_jpg.rf.eae17be1741425a4b096eeb5bb840f4b.txt,1,
01-0603_jpg.rf.3b92ffde16fe57e3bc9d05fb071bcc60.txt,1,
01-0607_jpg.rf.6e1f11330b436c2d695dabd5049d1980.txt,1,
01-0608-2_jpg.rf.904ca6bec6a4b8616283c89c42ecad56.txt,1,
01-0608-3_jpg.rf.152c9eaef3ce86ae993cca34f802791e.txt,1,
01-0608-5_jpg.rf.d266ab9b3b42a69506661ff05b7620df.txt,1,
01-0608-6_jpg.rf.dd46e7b58b9c254b5540dad4e736f08e.txt,1,
01-0608-7_jpg.rf.e84f29df34fe79a335381809557ddd00.txt,1,
01-0626-2_jpg.rf.3616075ac28398ecf3f38c8b741da060.txt,1,
01-0626-3_jpg.rf.18f8fc4dfaef16fbf1ef2ca1729aaeb3.txt,1,
01-0626-4_jpg.rf.81617f74af10582ffc8a25f7fc9c4ad3.txt,1,
01-0626_jpg.rf.958925639e156ad3e638219481c2b936.txt,1,
01-0701_jpg.rf.9b7e151578472a6ebc1254dc2bfb3a47.txt,1,
01-0717_jpg.rf.9dfea8354add62e46e8b4b4be530ce0e.txt,1,
01-0721_jpg.rf.75306c9f46aaa79083b997827388579b.txt,1,
01-0785_jpg.rf.0c13502c810da419d403d5e3021428a8.txt,1,
01-0865_jpg.rf.ccf7c7977f5600682d536d9832cb40ed.txt,1,
01-0877_jpg.rf.26ebbb269b6542e2dbc8e2abfe890ff4.txt,1,
01-0916-2_jpg.rf.80709bb78795c6cec2cc20268b7df127.txt,1,
01-0921_jpg.rf.13793b003e79b7cb666913dfc580d6dc.txt,1,
01-0996_jpg.rf.cdf6a9f1508126e9d2f7cde3c6ea2ac2.txt,1,
01-0999-2_jpg.rf.1954e647609d337fdc49ee7f979ef47a.txt,1,
01-0999_jpg.rf.473831bf047a9629eb492cc14950dee0.txt,1,
01-1015_jpg.rf.fab4662eadbaee95852aa6e9ea950b0c.txt,2,
01-1064-2_jpg.rf.4db89d637afe789f859ee12d39fc71d9.txt,1,
01-1096-2_jpg.rf.610cc71352c82549683c7a7d47934a33.txt,1,
01-1096-3_jpg.rf.b8c88f7ce38c75fe2b9e1e08b6d08ae0.txt,1,
01-1096-4_jpg.rf.99f089bb10d0fc9c41113942bf397096.txt,1,
01-1096_jpg.rf.7395b13dae2bfab9fc4322ebdbb7ed8d.txt,1,
01-1134-2_jpg.rf.877c06846f9554dd7b1093a0051b28a3.txt,1,
01-1134-3_jpg.rf.5bf4e456315de98e32149639a5b71159.txt,1,
01-1134-4_jpg.rf.2363080ec3ac0743b16fb06a77498f49.txt,1,
01-1134-5_jpg.rf.4ddcf2c018d5baf03117edb69449e668.txt,1,
01-1134_jpg.rf.ccb82cb422bd22e60a91c6e353921adf.txt,1,
01-1168_jpg.rf.343ccedf1fa91b59474ba06033b8dbd4.txt,1,
01-1206-2_jpg.rf.532a5777d7792acbd5bfe223f784c47b.txt,1,
01-1213_jpg.rf.2eb430d64fc12db4d3c5890bcc8baf5b.txt,1,
01-1282-2_jpg.rf.cebd7581fb385de64a8603462b6eb1c7.txt,2,
01-1282-3_jpg.rf.a85c4e3db8d09864ff2e2c17917543cb.txt,2,
01-1282-4_jpg.rf.a346986f832b266c6052f365efad9b80.txt,2,
01-1282-5_jpg.rf.78cb6c3815416473ef13a42fb8c2fa06.txt,2,
01-1282_jpg.rf.88b8c4007771a61023270d1524ed5adf.txt,2,
01-1316-2_jpg.rf.bd0bac52cd1667d3862f3168a3a25459.txt,1,
01-1316-3_jpg.rf.1e2d717d40f47f10a9b93816d817615f.txt,1,
01-1316_jpg.rf.a61c32db63dede1e40c57cf107e91b15.txt,1,
01-1319-2_jpg.rf.240bb9eed76ed934c3780d08f6521c6e.txt,1,
01-1319_jpg.rf.892808ea4f341c202c5ca5837a00b3dc.txt,1,
01-1366-2_jpg.rf.8850ae131506fcc35175b447253ea40b.txt,1,
01-1366_jpg.rf.8b34615bf2d0a973b9d2afac4eca41d0.txt,1,
01-1420_jpg.rf.fc14206888a5657da6e06b9983a270a6.txt,1,
01-1514_jpg.rf.9faf3262faf84f15e18eb409bce49a73.txt,1,
01-1529_jpg.rf.f415c1e4284237c1988e8ac2e2d5c75e.txt,1,
01-1607-2_jpg.rf.bcdd3211e52caa51ba81d8ac512cdd24.txt,1,
01-1622_jpg.rf.045e229c0e9628d77dbe1b275d8ef218.txt,1,
01-1653_jpg.rf.df7c52a9b105471189f4c9fedff27741.txt,1,
01-1700-2_jpg.rf.f5a841a853776643737884b46e85f099.txt,1,
01-1700_jpg.rf.476896077a6d085fed51ed277ee12cb9.txt,1,
01-1702_jpg.rf.f7f2bb8fe027a99ef32a0a471b42d9ed.txt,1,
01-1705_jpg.rf.2129e882ba88dd6c4777264249bb73d3.txt,1,
01-1798_jpg.rf.c66f9ea052a0f2e4c1f1e8dcbde1bb2e.txt,1,
01-1864-2_jpg.rf.454b2f7f7afbcd1f0ea64f2a60532a66.txt,2,
01-1864_jpg.rf.e7287265ecd7c9ad10ed4719cceff7c5.txt,2,
01-1879_jpg.rf.d1f9784c0b251d380903819086aea120.txt,1,
01-1926-3_jpg.rf.f8f40d6419f4fd52f686f0d2d61abef4.txt,1,
01-1926_jpg.rf.9db90ae3cd765a2747de542346bfaaec.txt,1,
01-2040_jpg.rf.9d2ea5e8ce562ade286d3b0dc634fddc.txt,1,
01-2048_jpg.rf.d3f586fb7fb4e6b4363f0ce3962d90ae.txt,1,
01-2067_jpg.rf.b526d9277dac6b274acc68da8602bff1.txt,1,
01-2126-2_jpg.rf.78ad84a1c7e70bd4cbb1e8bac75746cc.txt,1,
01-2126-3_jpg.rf.c14039a590c915566af82cc704382f47.txt,1,
01-2126-4_jpg.rf.eb5e399f2755e25267a5db692edaccb8.txt,1,
01-2126_jpg.rf.472608bc992af60e79ecc5143a110f71.txt,1,
01-2141_jpg.rf.e3c542dbe921369513cf8e2c3cf5e51a.txt,1,
01-2178-2_jpg.rf.ce987686ef4e9801849f7f2fe24ff0bb.txt,1,
01-2178-3_jpg.rf.15cc187fa40f983b684fcef60cff206b.txt,1,
01-2178-4_jpg.rf.86cc946f93e5ca3efadb4569d5dd614b.txt,1,
01-2178-5_jpg.rf.4e295d050e3e77c275280e6be09fb3b2.txt,1,
01-2178-6_jpg.rf.a4781639fdfb111d0b901c19896b11df.txt,1,
01-2178-7_jpg.rf.3b9bedc9c6177ca362a7359cae097fc2.txt,1,
01-2178-8_jpg.rf.82963706346690f221c81cae475c536c.txt,1,
01-2178_jpg.rf.ebcc0cc635a5cf1aee8ee075186689da.txt,1,
01-2206_jpg.rf.5bee651e8842fa7827b5c612e4a34d82.txt,1,
01-2223_jpg.rf.8dcc42e48981c20fae554fbcf4861ade.txt,2,
01-2246_jpg.rf.e471c10c4072c5cd82d2a2f23a29f5f8.txt,1,
01-2264-2_jpg.rf.c2b4b9dc5e3572cc2a89da3881a20143.txt,1,
01-2269_jpg.rf.db2eea03b9d5d492df3cbaf2437e623e.txt,1,
01-2278_jpg.rf.ce30ea9af6c855949a9255473d8f6257.txt,1,
01-2295_jpg.rf.7e4006291113ab583fa92ea71934a2eb.txt,1,
01-2315_jpg.rf.03200528fa9727c4c39d32ae24e29325.txt,1,
01-2319-2_jpg.rf.c51841521c5b5f096477196b2c359428.txt,1,
01-2319_jpg.rf.8bc52a533dd294c2549b78437824bd12.txt,1,
01-2363_jpg.rf.8d7e744075d80167905e5c6af592a0e5.txt,1,
01-2402_jpg.rf.d4186cb4b2067a98d2e9c945ca0cc6a3.txt,1,
01-2415_jpg.rf.d8bb58e841f4db39a43f83430949c51f.txt,1,
01-2512_jpg.rf.67012afa19b1120e47f959dbec0fccea.txt,1,
01-2525_jpg.rf.e1ba690a6abd2571e86a35dda50c6baa.txt,1,
01-2567_jpg.rf.2391e492f7140eab1b86d78d219173ae.txt,2,
01-2596_jpg.rf.a884ca5875f96c751c14666f4771fa61.txt,1,
01-2710_jpg.rf.bb4594eb521b096476f77d2c8d5f4f85.txt,1,
01-2747_jpg.rf.a6b1dc3aed3dc0ca37124121fd001e96.txt,1,
01-2905_jpg.rf.b8f76c26b0cdb23dba48d2d74ad3c5f3.txt,1,
01-2953_jpg.rf.11dafd1293da8baa38dbea620e325a38.txt,1,
01-2996_jpg.rf.20c749a557fd2bcd04e000fed54f3f57.txt,1,
01-3005_jpg.rf.3b27551384a6528379d8ac5d4dfb50a6.txt,1,
01-3011-2_jpg.rf.d622ece294a4815e160daac2bd50202e.txt,1,
01-3011_jpg.rf.d2ff9f2a9bc7ec8727608c5ef416f82c.txt,1,
01-3042_jpg.rf.7743ec6ab891b5d4416ca2cc2c231c44.txt,1,
01-3072_jpg.rf.d74c72856f8da1a98108955492f65fdb.txt,1,
01-3154_jpg.rf.01ad0ada66a48c73e4f40a061e931107.txt,1,
01-3201_jpg.rf.f4dbf52fca16f9fca255bfc45d257dcd.txt,1,
01-3203_jpg.rf.e808af12bd2fee55ac411c5c36e1418c.txt,1,
01-3235-2_jpg.rf.965f2bedb609486ee0739121fd92fe07.txt,1,
01-3235_jpg.rf.b565354acb3e34794ce7fd8e980366a2.txt,1,
01-3262_jpg.rf.52550fc8d741b39d46e2c6f3c74cd30d.txt,1,
01-3279_jpg.rf.e8a011df025f7bae81beedcb6a5c3840.txt,1,
01-3315_jpg.rf.2f3138792a117b5c97b4b959a011b94a.txt,1,
01-3331_jpg.rf.d446f56ef567f9fab08ea2bc246b192c.txt,1,
01-3372-2_jpg.rf.4c15a7dcb8ebcf958a185b99b5944123.txt,1,
01-3372-3_jpg.rf.e2dc4da33decf48577891b2ce3452f13.txt,1,
01-3372_jpg.rf.e5d2e29fdea07140f2efd4da17ccea6e.txt,1,
01-3377_jpg.rf.5b446db087d67a0c47cb51e38ec5a56c.txt,1,
01-3435_jpg.rf.22937c0be285a5716f4b7db897211d45.txt,1,
01-3527_jpg.rf.8b93d05bbc73872878d3bfa069a12365.txt,1,
01-3534-2_jpg.rf.aa687a9b685f4649b97f27583861522e.txt,1,
01-3534_jpg.rf.5e2c25f967b6e6b19815e164830686c3.txt,1,
01-3538_jpg.rf.d8c157a3b9ee96be397a7cc09afd573d.txt,1,
01-3650_jpg.rf.98fff2f5106fc8eb23e5ee253fa345af.txt,1,
01-3687_jpg.rf.eada5d50d76d9256308851fa8ec38f2e.txt,1,
01-3711_jpg.rf.5cb23592a85cca4d9c32ef6b6233ddf8.txt,1,
01-3715_jpg.rf.47e0b72871e0f3e2ce30181d78175221.txt,1,
01-3774_jpg.rf.83b09c235d333cac0dce7aed9e2ab01a.txt,1,
01-3791_jpg.rf.2bf5d0bb4d81ff2de94da419cab3077c.txt,1,
01-3954_jpg.rf.2c8c4055d857131ac83352be06e0f2d9.txt,1,
01-3958_jpg.rf.a7941a612178ce4450a54eac2cdaa624.txt,1,
01-3966-2_jpg.rf.ca232553340e36ec63096c0340fa7f99.txt,1,
01-3966_jpg.rf.ddf0a056d2140aefc35f15c74193e8d4.txt,1,
01-4000_jpg.rf.9d15e45aba6c578c1a77b8b4e6c6087e.txt,1,
01-4013_jpg.rf.818366645e2e24a95004f9f7e0050937.txt,1,
01-4041-2_jpg.rf.e9dabfb7eb45d6111707d6f9346b64e4.txt,1,
01-4041_jpg.rf.4e05eee0372c885b7251b97a35210363.txt,1,
01-4156-10_jpg.rf.899d5142ca8a5c193a3a7145b0d67d4b.txt,1,
01-4156-11_jpg.rf.b98e23fb92ed732f67a0cf5086b42807.txt,1,
01-4156-2_jpg.rf.e2e3fb607f0e1e43ec0afac2d9121b43.txt,1,
01-4156-4_jpg.rf.8207a241908b176eedf5e8696ea4704f.txt,1,
01-4156-5_jpg.rf.5005f9581d435217ddbe4d69ef90f3c3.txt,1,
01-4156-6_jpg.rf.7c96bd2747bb5dca3b2142db6eee0333.txt,1,
01-4156-9_jpg.rf.9e722c6b2b0ffdbb08a307e790d05e34.txt,1,
01-4156_jpg.rf.339d19f4eb07f5056d451e149d4e5450.txt,1,
01-4159-2_jpg.rf.a153663abd7f84b31c0452852897042b.txt,1,
01-4186_jpg.rf.e6994fd5f2803333792a793fcfef6c4a.txt,1,
01-4188_jpg.rf.098c682cea1963e7bb83792e74e870c9.txt,2,
01-4241_jpg.rf.477dbe050526dfc5717342b10688fbc9.txt,1,
01-4341_jpg.rf.e8930f6ef5c124dbdd4d8318caa1797d.txt,1,
01-4344_jpg.rf.6c74c7a3d09733f99e41ab13d47ecaa3.txt,2,
01-4456_jpg.rf.fe462298bf58bcfe58d8e57aa9bf5aa8.txt,1,
01-4457_jpg.rf.c71892da1786dcb71ef06e1754db2c8e.txt,1,
01-4707-2_jpg.rf.d927afb3b6c22fa0f2e7c790640388a1.txt,1,
01-4707-3_jpg.rf.95a6cbf457cfc94f25af81edbbc3f74d.txt,1,
01-4707_jpg.rf.7fc6f8594abfc10e32473b4f9f51bdeb.txt,1,
01-4763_jpg.rf.9123ee3db9a998a579cf213323b68fb4.txt,2,
01-4770_jpg.rf.5df739d5d2e49e6b3abc54c5aed4aea1.txt,1,
01-4795_jpg.rf.e06d7634ef49fee79579b6d6eeb5510e.txt,1,
01-4854_jpg.rf.e65df73e7087d9f2a88f14bbeb372183.txt,1,
01-4919_jpg.rf.f6d281e240cdc2cd44db2e0c5e873327.txt,1,
01-4997_jpg.rf.898d59d488a7fa6ad115658da0ab4355.txt,1,
01-5026-2_jpg.rf.2294c3db501bce03a3a38a4ee602f88f.txt,1,
01-5026-3_jpg.rf.31cb5069b2b8b768b3a4e9d557ce189e.txt,1,
01-5037_jpg.rf.f476922016e08855f3103b4545d8da3c.txt,1,
01-5049_jpg.rf.ee503750385881ed680bc827c24f1f54.txt,1,
01-5132_jpg.rf.324ee41f135c6148092c3f517392cd8a.txt,1,
01-5146_jpg.rf.fa8baeba741cd57f7666a7a4e616949d.txt,1,
01-5295_jpg.rf.e70a118c8ca468aadf69bd09ec2c199b.txt,1,
01-5390_jpg.rf.3ad875a6f1c8ef4139f762f292139d70.txt,1,
01-5409_jpg.rf.3fa9e0ef641bf0e4340c7c204e349d24.txt,1,
01-5415_jpg.rf.1ad34a22005ee6e2ad1b4b8660af7c3b.txt,1,
01-5501_jpg.rf.a73bd9f97591063fbbd92adc595ac32d.txt,1,
01-5527_jpg.rf.a983c09e0b48600401a1fc9de7316020.txt,1,
01-5543_jpg.rf.7fd62bf329777bd2cefdc4bc9b883d15.txt,2,
01-5548-2_jpg.rf.0757ee890b4cc135259ae3e80a279594.txt,1,
01-5548_jpg.rf.131303a81e2c17bf0ce26e7de0677723.txt,1,
01-5635-2_jpg.rf.66a45ecd66a09bcedc9cd6902a54c80f.txt,1,
01-5635-3_jpg.rf.6b7b2b6c196dbe80089cd14c3e798c7b.txt,1,
01-5649_jpg.rf.c48de010512bf71ea7ab54f694431924.txt,1,
01-5669_jpg.rf.2d7f570b676974bab649190c5943e280.txt,2,
01-5687-2_jpg.rf.98d5395d03a59bfe7a65b039739b088c.txt,1,
01-5687-3_jpg.rf.a93d21119c1131c33703cbbc6d41ac10.txt,1,
01-5720_jpg.rf.3f8020fa04aad6f08d5167293401a0cc.txt,1,
01-5728_jpg.rf.5a73fce7c688cc412453923b1ff39f2d.txt,1,
01-5804-2_jpg.rf.625c5dcce094697c5dae3f0382e56adf.txt,1,
01-5804-3_jpg.rf.8ec22c53b1fe7237a1fef44f3e4c503c.txt,1,
01-5804-4_jpg.rf.35bf2b05f57aecb8780fa0c5488846be.txt,1,
01-5804_jpg.rf.d7233647ea7db70051d8956da1dbdaa8.txt,1,
01-5824_jpg.rf.ad2b3e16b869e56771e22a0d7f7c3987.txt,1,
01-5853-2_jpg.rf.3a3b26289e19b07bcaafecd3bf21c133.txt,1,
01-5853-3_jpg.rf.d2af8fa53fdb035447bb80a90acd3319.txt,1,
01-5853-4_jpg.rf.705a458ce1d7d661f7f7a1ec94cc28eb.txt,1,
01-5853-6_jpg.rf.c0f6ab8034d759c77195fc595aa5549e.txt,1,
01-5853-7_jpg.rf.b8dfaabe4dea533518c6044984fc7101.txt,1,
01-5853_jpg.rf.09e31fd6df6c7239e7db1c9ed925e917.txt,1,
01-5857_jpg.rf.cb74e13c675346ebb44fa3b1b9d89de6.txt,1,
01-5865_jpg.rf.21570caea94e2039c9157e55a84cf1de.txt,1,
01-6063_jpg.rf.b820b65683150e7c5372290b45270db8.txt,1,
01-6070_jpg.rf.991b86f362e1214022d67d5d64a7c1a2.txt,1,
01-6114_jpg.rf.dc57687b80a7458d93ff093ae58d19aa.txt,1,
01-6139_jpg.rf.52a8264a781cc94b11fae9bfd579d852.txt,1,
01-6218_jpg.rf.6ae0ada9627edd214852aeab044b5223.txt,1,
01-6225_jpg.rf.a89d2a2a5b57022a4e9d82d90d23c6b6.txt,1,
01-6228_jpg.rf.52e99a84e7d52c561a2bf5d5d4f0e3e5.txt,1,
01-6282_jpg.rf.c2baa73c0ab0a937ef107fa8701d35ed.txt,1,
01-6296-3_jpg.rf.2a5a12555e7c0c7d552611d686dece8b.txt,1,
01-6349_jpg.rf.37950bdf83850fd80c85fa0d172c7a6a.txt,1,
01-6351_jpg.rf.895f3ce5ed0b383e9d8fb87404b2d24a.txt,1,
01-6379_jpg.rf.5d617b3ff2143106da733f7c3dc901f6.txt,1,
01-6444-2_jpg.rf.e0daa5bebf0edb8cdb3c7a0dc7a4a3fb.txt,1,
01-6444_jpg.rf.8de4d0c74e8bb341a4321e4df28d3b7a.txt,1,
01-6558_jpg.rf.6f8917eeac120c27ec5edb3d039544a1.txt,1,
01-6665-2_jpg.rf.01fc6886faff48e128a2cd58462b2d08.txt,2,
01-6665-3_jpg.rf.ce75c5f59328e96fc22be1205cc9f8be.txt,2,
01-6665_jpg.rf.69302df31e5bbb5c15a4b3625369109f.txt,2,
01-6685_jpg.rf.3ed2747fecdbc1d3dccc4ce19caf7280.txt,1,
01-6704_jpg.rf.2ebc326d9fe460e2998f3f363acdd253.txt,1,
01-6719_jpg.rf.4c3adae5f91b18f417ba0427994f3fa6.txt,1,
01-6780-2_jpg.rf.88a0358951087892a114341a6d33eba7.txt,1,
01-6780-3_jpg.rf.a01ba026706196069329bd979b9cd582.txt,1,
01-6803-2_jpg.rf.68102d8b7f0725338e8807c60d9e90b5.txt,1,
01-6803-3_jpg.rf.61bddef1fe54a240b2a9c076b08d0fb6.txt,1,
01-6803_jpg.rf.007ec454b0b2e41dd873c82e0716f970.txt,1,
01-6814_jpg.rf.4ca24488ef919f5f1043478cc32b27ca.txt,1,
01-6889_jpg.rf.e8c69b19a6403242b4d09fdf6fb09927.txt,1,
01-6939-2_jpg.rf.38863d0e41e3257d9be8d1f43c0f4399.txt,1,
01-6939_jpg.rf.0d37c299f98a06d05ce38673fe97b3ab.txt,1,
01-7032_jpg.rf.d5a3b50554ffab44e23dba130cd82bac.txt,2,
01-7049_jpg.rf.4014dea48cb71288553a7448dbea2a9a.txt,1,
01-7052-2_jpg.rf.3a46a2a00447d6320b4a9810d6a5645e.txt,1,
01-7060_jpg.rf.687e05edb00a240bcf35aaf6057593db.txt,1,
01-7085-2_jpg.rf.10dead64cf574f090c9b69acd167637e.txt,1,
01-7110-2_jpg.rf.055555b4b15c4b93ae3d69e2c64759a5.txt,1,
01-7110-3_jpg.rf.58dd042204e55ccffc28e1d729f5c2d0.txt,1,
01-7110-4_jpg.rf.0e09c1c38665cd684c940f38e9e3a6a8.txt,1,
01-7110-5_jpg.rf.a7be70c9813e7dbac2dda52a4509df88.txt,1,
01-7110-6_jpg.rf.116ee701fb3d40fbee8de5f488b3c3e3.txt,1,
01-7110_jpg.rf.3cfa5c069f3aab8af0bf78d89dd2125a.txt,1,
01-7127_jpg.rf.6576a78831b7f3de1ed730d1654d95d7.txt,1,
01-7209_jpg.rf.f276a76afdb7081799740df5bfe3dd8a.txt,1,
01-7301_jpg.rf.65aaf9b5935be8397e58f66ece41e061.txt,1,
01-7322_jpg.rf.ef7fe69749d5d3701617184a832b5e33.txt,1,
01-7330_jpg.rf.b5b2c127908d228c5bb386e4d341c506.txt,1,
01-7338_jpg.rf.05aba8fd1380a0b57a1a5d3b7f0d13ae.txt,1,
01-7413-2_jpg.rf.06aaef4992bf80006579948c0e15a619.txt,1,
01-7413_jpg.rf.c5c201e133c6801dcea414364026a8c2.txt,1,
01-7573_jpg.rf.db0808f1a06068c32bd215bc9a0ac838.txt,2,
01-7640-2_jpg.rf.4c8d599787bed2e37f51fbb37136870d.txt,2,
01-7640_jpg.rf.53ee44a722affcfcac7f11a09cbdde80.txt,2,
01-7682_jpg.rf.930b56bcfd6ba15028043291d4e6cf5f.txt,1,
01-7865-2_jpg.rf.d2ae54586a4193b74894bb7f9dafea51.txt,1,
01-8091_jpg.rf.52f8225d11d810d83671502a8451541b.txt,2,
01-8158-3_jpg.rf.922c7d223dfc6c71e2af753f3374b9c8.txt,1,
01-8158-4_jpg.rf.ed9f946cfc818e16537e9a9d585c34f0.txt,1,
01-8158-5_jpg.rf.5bbf17454f41ef7fa32fdf161bce3afe.txt,1,
01-8167-2_jpg.rf.82d47ec887a304f94233608b52114cc5.txt,1,
01-8167-3_jpg.rf.4835694020b5fe7cdb6b803f4985adac.txt,1,
01-8167_jpg.rf.26da59282049056d00a06f7ff6a2ed8f.txt,1,
01-8292_jpg.rf.afd3336a8ca7ea13b0025c6b45d9253e.txt,1,
01-8323_jpg.rf.330eb2db2486e7fa42a7e7d91a83a237.txt,2,
01-8357_jpg.rf.26e0de96ab2681087f9e45a233cd8af5.txt,1,
01-8360_jpg.rf.3f73e53b163be717a246d8d3483088ec.txt,1,
01-8385_jpg.rf.978c5f80f55bff158900eb38b2dc4f13.txt,2,
01-8471_jpg.rf.6a962471639ebb4f44ad74dd26176742.txt,1,
01-8483_jpg.rf.2ccc37b7babf1750ee2d121877ec0495.txt,1,
01-8536-2_jpg.rf.bd78860bec64d9cd93b5e4f0125f77c9.txt,1,
01-8562_jpg.rf.328fba8cac7c13f2403922e4f482339b.txt,1,
01-8567_jpg.rf.b7ecc3075ef79f034f55ad79afaeadb7.txt,2,
01-8569_jpg.rf.714576b88c023b242873e33b0dad5993.txt,1,
01-8660_jpg.rf.062038b71ced45157de7fceb318a50fa.txt,1,
01-8711-2_jpg.rf.1aa5ffd870cb3ea8bad4f7bbbb90a76b.txt,1,
01-8711_jpg.rf.2b8a7430ebf24b6ec06b0d98c3a082bb.txt,1,
01-8799_jpg.rf.b365bb1be4967d9f06de460caeecf827.txt,1,
01-8813-2_jpg.rf.501390c63bd7ca939c35793abb462252.txt,1,
01-8813_jpg.rf.32ad4a56816e9cc3c814c0d93c0d274d.txt,1,
01-8872_jpg.rf.9eb254135375cc7ef5db9fd1df762317.txt,1,
01-9105_jpg.rf.b279e6482c6ccbf14c1d7b3376558512.txt,1,
01-9115_jpg.rf.e8cb99f78e3f5bf92df44f04d7ba32ac.txt,1,
01-9242_jpg.rf.8063e2483c0fad79b15a3e36e258f9c5.txt,1,
01-9251_jpg.rf.a72cf4066f82f36dc45301065bb51ba5.txt,1,
01-9277_jpg.rf.94e00819f7c898a1a26f8ed5f61eb27a.txt,1,
01-9313-2_jpg.rf.8f56abfc99731269ddade9ece55cd992.txt,1,
01-9313-3_jpg.rf.263ed917156e63d155e180c08b0de21f.txt,1,
01-9313-4_jpg.rf.17184a087644b0e87df37faf31f38708.txt,1,
01-9313-5_jpg.rf.487ca91e64542ed7d1216f3757c2bb46.txt,1,
01-9313-6_jpg.rf.ad78ad632ba2ff79a920d51efdfd1666.txt,1,
01-9313-7_jpg.rf.489837fa9b8f47035e9ba4069cbf130e.txt,1,
01-9313_jpg.rf.17a4ef2e5ba1bf8d24a995dc60737c41.txt,1,
01-9350_jpg.rf.0618f1d133326aefeb4cdd751b1cc8d0.txt,1,
01-9353_jpg.rf.c5670d0dff8e9e56607880f5a0d874a3.txt,1,
01-9375-2_jpg.rf.863dbf1d5e59b17ddc888dc166d936e5.txt,1,
01-9433_jpg.rf.4b1c7c2edb2c3981978f6906c16e688f.txt,1,
01-9445-2_jpg.rf.2aea028122a495bf30f5301a68506f8f.txt,1,
01-9493-2_jpg.rf.021686062ecb45ea1868fe7ab3c2bf11.txt,1,
01-9527_jpg.rf.78cc41c9cc4ddafece79619040810baa.txt,1,
01-9568_jpg.rf.3f7db71079864e2ab4987054df416e9f.txt,1,
01-9634_jpg.rf.ac7c31229de9196acd94f6d031c91daf.txt,1,
01-9642_jpg.rf.e76859c320b70808435d667c1739861a.txt,1,
01-9701_jpg.rf.73771af379456803feeb87729a20532c.txt,1,
01-9773-2_jpg.rf.b776c9003054c51f4dc3c72805fb168e.txt,1,
01-9773_jpg.rf.c7583edacb24e96676f9695ed745786e.txt,1,
01-9853-2_jpg.rf.5e9dbf23ff7efb29f44f0dc9f7c5d702.txt,1,
01-9853-3_jpg.rf.9b8604d5bdf29bee6c3ab907df4e3a91.txt,1,
01-9853_jpg.rf.a61df5e7214d79bb9dd082fb93f1af73.txt,1,
02-0189_jpg.rf.b2048633a482e5f21d5097fdbee7e999.txt,1,
02-0743_jpg.rf.a21a6e0f5984b86bd2d187b9f178d6ce.txt,1,
02-0786_jpg.rf.2bd56e0a1e11b856f7c45b5c3ec67421.txt,1,
02-0834_jpg.rf.c84cdc4a1651ab61f069aca8a007c86c.txt,1,
02-0948-10_jpg.rf.820b9a389d45f45da5f26a112fca8190.txt,1,
02-0948-11_jpg.rf.be27eaaf143ac9e6e06ad6152a006e7a.txt,1,
02-0948-13_jpg.rf.cc678880b3e32e0cc6e78eb70f54a4b9.txt,1,
02-0948-2_jpg.rf.9af0c0095b8c7336dff867041b1d0aa3.txt,1,
02-0948-3_jpg.rf.25f6f9eb3e4306305a3b3cbfd155cec5.txt,1,
02-0948-4_jpg.rf.b480fbb97894cbcbe01e3c3760254539.txt,1,
02-0948-5_jpg.rf.96047c92a9e4014ec61841031d91fbcc.txt,1,
02-0948-7_jpg.rf.f9fd43c8fe7e3c6fee08a0acc87281f3.txt,1,
02-0948-8_jpg.rf.efa7a1cb5c9b426fc65b3ddce40f34e8.txt,1,
02-0948_jpg.rf.bf16c24cd60453345a47878290884ea1.txt,1,
02-2469_jpg.rf.974fff9df4e3a5f79a2a2dac1c40b2db.txt,1,
02-3007_jpg.rf.794b7490d4e198331d842b45f254817d.txt,1,
02-3009_jpg.rf.13bf2d7d1c38e27cf126db129fd76908.txt,1,
02-3143_jpg.rf.2cbce9b70c2086695f028e66136b83f0.txt,1,
02-3803-2_jpg.rf.59e865a9160026a8240040fc5f8dc175.txt,1,
02-3803_jpg.rf.6d12efc2bc45212964f7a41221295849.txt,1,
02-3851-2_jpg.rf.2bd774062d8fb21e3cd4e1cdfcd60cf9.txt,1,
02-3851-3_jpg.rf.7eadb0c696164e96427bd109b13de04b.txt,1,
02-4073_jpg.rf.ac6a13739b724f357dcd3d2a1811d485.txt,1,
02-4190_jpg.rf.d07f3d8aedd87d2f9c11fbcc3a41827f.txt,1,
02-4366_jpg.rf.0b1fc52aa2dc76353113a97b8070313e.txt,1,
02-4701_jpg.rf.13a29133bb14c5fa620e50c7f36784c7.txt,1,
02-4759_jpg.rf.47be1cf501451996aa0ed6013b51faac.txt,1,
02-5014_jpg.rf.a23087dbe77405050c03be2c91c71d0d.txt,1,
02-5038_jpg.rf.c885ccfbd3fcbbaa8980d155ecc9ba4d.txt,1,
02-5137_jpg.rf.e10a569113a51195e0f67d5ef5ab6234.txt,1,
02-5191-2_jpg.rf.92b232c3df7992e83a59ab79d6f6a71b.txt,1,
02-5191_jpg.rf.2abf817712991fbfa78016664ca876fc.txt,1,
02-5396-2_jpg.rf.3d5a74c6280f35f95fcddc4c9cce5a5e.txt,1,
02-5396_jpg.rf.dd5f4d6d6b1c5894f4ddd675ccc5e952.txt,1,
02-5559_jpg.rf.f7e8310d3652c6557bb002a68bfb9620.txt,1,
02-5600_jpg.rf.f2609521eb9dcb2447641be329b90c90.txt,1,
02-5964_jpg.rf.c6ed62d64c02871b7f78362cfe14fa86.txt,1,
02-6442_jpg.rf.988a73ba16bb73fe1dc11e85dfb6e482.txt,1,
02-6470-2_jpg.rf.5160441c5e2215303d44b8a970a66b23.txt,1,
02-6470_jpg.rf.d5f39e0a9e7578db4e174d477bb562e8.txt,1,
02-6482_jpg.rf.a757ace486403af6245ede73512a23e2.txt,1,
02-6673_jpg.rf.1c20748e03dd7e1a7ddc0eb474727eed.txt,1,
02-7475_jpg.rf.6b416c1a35712672429c70eef1fc37e8.txt,1,
02-7647_jpg.rf.e52fbf77d4ba106ffaae1c43f9b18a43.txt,2,
02-7929_jpg.rf.34ebe26ce6eb57edd6d3488fea2caa73.txt,1,
02-8221-2_jpg.rf.2f020e591273ede127a38723c1858e8c.txt,1,
02-8221_jpg.rf.42c5245d0cd1693ece14c9cc31725f19.txt,1,
02-8379_jpg.rf.a5935c6b34a3d796e9813f3bab887d75.txt,1,
02-8652-2_jpg.rf.22c3678d94b16e9099a722e8982837be.txt,1,
02-8652-3_jpg.rf.eca3d5515cda9659e88f028ac1fd51bc.txt,1,
02-8652_jpg.rf.c83a2d3115bebc21131820e1e36b1e88.txt,1,
